ticker,concept,end,value
JPM,Assets,2008-12-31,2175052000000.0
JPM,Assets,2009-06-30,2026642000000.0
JPM,Assets,2009-09-30,2041009000000.0
JPM,Assets,2009-12-31,2119673000000.0
JPM,Assets,2010-03-31,2135796000000.0
JPM,Assets,2010-06-30,2014019000000.0
JPM,Assets,2010-09-30,2141595000000.0
JPM,Assets,2010-12-31,2117605000000.0
JPM,Assets,2011-03-31,2198161000000.0
JPM,Assets,2011-06-30,2246764000000.0
JPM,Assets,2011-09-30,2289240000000.0
JPM,Assets,2011-12-31,2265792000000.0
JPM,Assets,2012-03-31,2320164000000.0
JPM,Assets,2012-06-30,2290146000000.0
JPM,Assets,2012-09-30,2321284000000.0
JPM,Assets,2012-12-31,2359141000000.0
JPM,Assets,2013-03-31,2389349000000.0
JPM,Assets,2013-06-30,2439494000000.0
JPM,Assets,2013-09-30,2463309000000.0
JPM,Assets,2013-12-31,2414879000000.0
JPM,Assets,2014-03-31,2476650000000.0
JPM,Assets,2014-06-30,2519995000000.0
JPM,Assets,2014-09-30,2526655000000.0
JPM,Assets,2014-12-31,2572274000000.0
JPM,Assets,2015-03-31,2576619000000.0
JPM,Assets,2015-06-30,2449098000000.0
JPM,Assets,2015-09-30,2416635000000.0
JPM,Assets,2015-12-31,2351698000000.0
JPM,Assets,2016-03-31,2423808000000.0
JPM,Assets,2016-06-30,2466096000000.0
JPM,Assets,2016-09-30,2521029000000.0
JPM,Assets,2016-12-31,2490972000000.0
JPM,Assets,2017-03-31,2546290000000.0
JPM,Assets,2017-06-30,2563174000000.0
JPM,Assets,2017-09-30,2563074000000.0
JPM,Assets,2017-12-31,2533600000000.0
JPM,Assets,2018-03-31,2609785000000.0
JPM,Assets,2018-06-30,2590050000000.0
JPM,Assets,2018-09-30,2615183000000.0
JPM,Assets,2018-12-31,2622532000000.0
JPM,Assets,2019-03-31,2737188000000.0
JPM,Assets,2019-06-30,2727379000000.0
JPM,Assets,2019-09-30,2764661000000.0
JPM,Assets,2019-12-31,2686477000000.0
JPM,Assets,2020-03-31,3138530000000.0
JPM,Assets,2020-06-30,3212643000000.0
JPM,Assets,2020-09-30,3245061000000.0
JPM,Assets,2020-12-31,3384757000000.0
JPM,Assets,2021-03-31,3689336000000.0
JPM,Assets,2021-06-30,3684256000000.0
JPM,Assets,2021-09-30,3757576000000.0
JPM,Assets,2021-12-31,3743567000000.0
JPM,Assets,2022-03-31,3954687000000.0
JPM,Assets,2022-06-30,3841314000000.0
JPM,Assets,2022-09-30,3773884000000.0
JPM,Assets,2022-12-31,3665743000000.0
JPM,Assets,2023-03-31,3744305000000.0
JPM,Assets,2023-06-30,3868240000000.0
JPM,Assets,2023-09-30,3898333000000.0
JPM,Assets,2023-12-31,3875393000000.0
JPM,Assets,2024-03-31,4090727000000.0
JPM,Assets,2024-06-30,4143003000000.0
JPM,Assets,2024-09-30,4210048000000.0
JPM,Assets,2024-12-31,4002814000000.0
JPM,Assets,2025-03-31,4357856000000.0
JPM,Assets,2025-06-30,4552482000000.0
JPM,Assets,2025-09-30,4560205000000.0
JPM,Assets,2025-12-31,4424900000000.0
JPM,Assets,2026-03-31,4900475000000.0
JPM,CashAndEquivalents,2006-12-31,40412000000.0
JPM,CashAndEquivalents,2007-12-31,40144000000.0
JPM,CashAndEquivalents,2008-06-30,32255000000.0
JPM,CashAndEquivalents,2008-09-30,54350000000.0
JPM,CashAndEquivalents,2008-12-31,26895000000.0
JPM,CashAndEquivalents,2009-03-31,26681000000.0
JPM,CashAndEquivalents,2009-06-30,25133000000.0
JPM,CashAndEquivalents,2009-09-30,21068000000.0
JPM,CashAndEquivalents,2009-12-31,26206000000.0
JPM,CashAndEquivalents,2010-03-31,31422000000.0
JPM,CashAndEquivalents,2010-06-30,32806000000.0
JPM,CashAndEquivalents,2010-09-30,23960000000.0
JPM,CashAndEquivalents,2010-12-31,27567000000.0
JPM,CashAndEquivalents,2011-03-31,23469000000.0
JPM,CashAndEquivalents,2011-06-30,30466000000.0
JPM,CashAndEquivalents,2011-09-30,56766000000.0
JPM,CashAndEquivalents,2011-12-31,59602000000.0
JPM,CashAndEquivalents,2012-03-31,55383000000.0
JPM,CashAndEquivalents,2012-06-30,44866000000.0
JPM,CashAndEquivalents,2012-09-30,53343000000.0
JPM,CashAndEquivalents,2012-12-31,53723000000.0
JPM,CashAndEquivalents,2013-03-31,45524000000.0
JPM,CashAndEquivalents,2013-06-30,29214000000.0
JPM,CashAndEquivalents,2013-09-30,30664000000.0
JPM,CashAndEquivalents,2013-12-31,39771000000.0
JPM,CashAndEquivalents,2014-03-31,26321000000.0
JPM,CashAndEquivalents,2014-06-30,27523000000.0
JPM,CashAndEquivalents,2014-09-30,25372000000.0
JPM,CashAndEquivalents,2014-12-31,27831000000.0
JPM,CashAndEquivalents,2015-03-31,22821000000.0
JPM,CashAndEquivalents,2015-06-30,24095000000.0
JPM,CashAndEquivalents,2015-09-30,21258000000.0
JPM,CashAndEquivalents,2015-12-31,361683000000.0
JPM,CashAndEquivalents,2016-03-31,18212000000.0
JPM,CashAndEquivalents,2016-06-30,19710000000.0
JPM,CashAndEquivalents,2016-09-30,21390000000.0
JPM,CashAndEquivalents,2016-12-31,391154000000.0
JPM,CashAndEquivalents,2017-03-31,461886000000.0
JPM,CashAndEquivalents,2017-06-30,450526000000.0
JPM,CashAndEquivalents,2017-09-30,459156000000.0
JPM,CashAndEquivalents,2017-12-31,431304000000.0
JPM,CashAndEquivalents,2018-03-31,414812000000.0
JPM,CashAndEquivalents,2018-06-30,405180000000.0
JPM,CashAndEquivalents,2018-09-30,419097000000.0
JPM,CashAndEquivalents,2018-12-31,278793000000.0
JPM,CashAndEquivalents,2019-03-31,21946000000.0
JPM,CashAndEquivalents,2019-06-30,23164000000.0
JPM,CashAndEquivalents,2019-09-30,21215000000.0
JPM,CashAndEquivalents,2019-12-31,21704000000.0
JPM,CashAndEquivalents,2020-03-31,24001000000.0
JPM,CashAndEquivalents,2020-06-30,20544000000.0
JPM,CashAndEquivalents,2020-09-30,20816000000.0
JPM,CashAndEquivalents,2020-12-31,24874000000.0
JPM,CashAndEquivalents,2021-03-31,25397000000.0
JPM,CashAndEquivalents,2021-06-30,26592000000.0
JPM,CashAndEquivalents,2021-09-30,25857000000.0
JPM,CashAndEquivalents,2021-12-31,26438000000.0
JPM,CashAndEquivalents,2022-03-31,26165000000.0
JPM,CashAndEquivalents,2022-06-30,27215000000.0
JPM,CashAndEquivalents,2022-09-30,24654000000.0
JPM,CashAndEquivalents,2022-12-31,27697000000.0
JPM,CashAndEquivalents,2023-03-31,25098000000.0
JPM,CashAndEquivalents,2023-06-30,26064000000.0
JPM,CashAndEquivalents,2023-09-30,24921000000.0
JPM,CashAndEquivalents,2023-12-31,29066000000.0
JPM,CashAndEquivalents,2024-03-31,22750000000.0
JPM,CashAndEquivalents,2024-06-30,27265000000.0
JPM,CashAndEquivalents,2024-09-30,22896000000.0
JPM,CashAndEquivalents,2024-12-31,23372000000.0
JPM,CashAndEquivalents,2025-03-31,22066000000.0
JPM,CashAndEquivalents,2025-06-30,23759000000.0
JPM,CashAndEquivalents,2025-09-30,21821000000.0
JPM,CashAndEquivalents,2025-12-31,21742000000.0
JPM,CashAndEquivalents,2026-03-31,22039000000.0
JPM,DepreciationAndAmortization,2008-09-30,810000000.0
JPM,DepreciationAndAmortization,2009-03-31,411000000.0
JPM,DepreciationAndAmortization,2009-06-30,798000000.0
JPM,DepreciationAndAmortization,2009-09-30,743000000.0
JPM,DepreciationAndAmortization,2009-12-31,1356000000.0
JPM,DepreciationAndAmortization,2010-03-31,961000000.0
JPM,DepreciationAndAmortization,2010-06-30,973000000.0
JPM,DepreciationAndAmortization,2010-09-30,1055000000.0
JPM,DepreciationAndAmortization,2010-12-31,1040000000.0
JPM,DepreciationAndAmortization,2011-03-31,1057000000.0
JPM,DepreciationAndAmortization,2011-06-30,1066000000.0
JPM,DepreciationAndAmortization,2011-09-30,1053000000.0
JPM,DepreciationAndAmortization,2011-12-31,1081000000.0
JPM,DepreciationAndAmortization,2012-03-31,1039000000.0
JPM,DepreciationAndAmortization,2012-06-30,1026000000.0
JPM,DepreciationAndAmortization,2012-09-30,1112000000.0
JPM,DepreciationAndAmortization,2012-12-31,1970000000.0
JPM,DepreciationAndAmortization,2013-03-31,822000000.0
JPM,DepreciationAndAmortization,2013-06-30,1283000000.0
JPM,DepreciationAndAmortization,2013-09-30,1511000000.0
JPM,DepreciationAndAmortization,2013-12-31,1690000000.0
JPM,DepreciationAndAmortization,2014-03-31,1208000000.0
JPM,DepreciationAndAmortization,2014-06-30,1218000000.0
JPM,DepreciationAndAmortization,2014-09-30,1147000000.0
JPM,DepreciationAndAmortization,2014-12-31,1186000000.0
JPM,DepreciationAndAmortization,2015-03-31,1181000000.0
JPM,DepreciationAndAmortization,2015-06-30,1238000000.0
JPM,DepreciationAndAmortization,2015-09-30,1248000000.0
JPM,DepreciationAndAmortization,2015-12-31,1273000000.0
JPM,DepreciationAndAmortization,2016-03-31,1289000000.0
JPM,DepreciationAndAmortization,2016-06-30,1336000000.0
JPM,DepreciationAndAmortization,2016-09-30,1407000000.0
JPM,DepreciationAndAmortization,2016-12-31,1446000000.0
JPM,DepreciationAndAmortization,2017-03-31,1464000000.0
JPM,DepreciationAndAmortization,2017-06-30,1504000000.0
JPM,DepreciationAndAmortization,2017-09-30,1579000000.0
JPM,DepreciationAndAmortization,2017-12-31,1632000000.0
JPM,DepreciationAndAmortization,2018-03-31,1797000000.0
JPM,DepreciationAndAmortization,2018-06-30,1927000000.0
JPM,DepreciationAndAmortization,2018-09-30,1992000000.0
JPM,DepreciationAndAmortization,2018-12-31,2075000000.0
JPM,DepreciationAndAmortization,2019-03-31,2038000000.0
JPM,DepreciationAndAmortization,2019-06-30,2046000000.0
JPM,DepreciationAndAmortization,2019-09-30,2145000000.0
JPM,DepreciationAndAmortization,2019-12-31,2139000000.0
JPM,DepreciationAndAmortization,2020-03-31,2197000000.0
JPM,DepreciationAndAmortization,2020-06-30,2149000000.0
JPM,DepreciationAndAmortization,2020-09-30,2141000000.0
JPM,DepreciationAndAmortization,2020-12-31,2127000000.0
JPM,DepreciationAndAmortization,2021-03-31,2070000000.0
JPM,DepreciationAndAmortization,2021-06-30,2003000000.0
JPM,DepreciationAndAmortization,2021-09-30,1928000000.0
JPM,DepreciationAndAmortization,2021-12-31,1931000000.0
JPM,DepreciationAndAmortization,2022-03-31,1820000000.0
JPM,DepreciationAndAmortization,2022-06-30,1789000000.0
JPM,DepreciationAndAmortization,2022-09-30,1771000000.0
JPM,DepreciationAndAmortization,2022-12-31,1671000000.0
JPM,DepreciationAndAmortization,2023-03-31,1649000000.0
JPM,DepreciationAndAmortization,2023-06-30,507000000.0
JPM,DepreciationAndAmortization,2023-09-30,2019000000.0
JPM,DepreciationAndAmortization,2023-12-31,3337000000.0
JPM,DepreciationAndAmortization,2024-03-31,2004000000.0
JPM,DepreciationAndAmortization,2024-06-30,2002000000.0
JPM,DepreciationAndAmortization,2024-09-30,1967000000.0
JPM,DepreciationAndAmortization,2024-12-31,1965000000.0
JPM,DepreciationAndAmortization,2025-03-31,2030000000.0
JPM,DepreciationAndAmortization,2025-06-30,2210000000.0
JPM,DepreciationAndAmortization,2025-09-30,2269000000.0
JPM,DepreciationAndAmortization,2025-12-31,2312000000.0
JPM,DepreciationAndAmortization,2026-03-31,2364000000.0
JPM,DividendsPerShare,2008-06-30,0.38
JPM,DividendsPerShare,2008-09-30,0.38
JPM,DividendsPerShare,2009-03-31,0.05
JPM,DividendsPerShare,2009-06-30,0.05
JPM,DividendsPerShare,2009-09-30,0.05
JPM,DividendsPerShare,2009-12-31,0.05000000000000002
JPM,DividendsPerShare,2010-03-31,0.05
JPM,DividendsPerShare,2010-06-30,0.05
JPM,DividendsPerShare,2010-09-30,0.04999999999999999
JPM,DividendsPerShare,2010-12-31,0.05000000000000002
JPM,DividendsPerShare,2011-03-31,0.25
JPM,DividendsPerShare,2011-06-30,0.25
JPM,DividendsPerShare,2011-09-30,0.25
JPM,DividendsPerShare,2011-12-31,0.25
JPM,DividendsPerShare,2012-03-31,0.3
JPM,DividendsPerShare,2012-06-30,0.3
JPM,DividendsPerShare,2012-09-30,0.3
JPM,DividendsPerShare,2012-12-31,0.29999999999999993
JPM,DividendsPerShare,2013-03-31,0.3
JPM,DividendsPerShare,2013-06-30,0.38
JPM,DividendsPerShare,2013-09-30,0.38
JPM,DividendsPerShare,2013-12-31,0.3799999999999999
JPM,DividendsPerShare,2014-03-31,0.38
JPM,DividendsPerShare,2014-06-30,0.4
JPM,DividendsPerShare,2014-09-30,0.4
JPM,DividendsPerShare,2014-12-31,0.40000000000000013
JPM,DividendsPerShare,2015-03-31,0.4
JPM,DividendsPerShare,2015-06-30,0.43999999999999995
JPM,DividendsPerShare,2015-09-30,0.44000000000000006
JPM,DividendsPerShare,2015-12-31,0.43999999999999995
JPM,DividendsPerShare,2016-03-31,0.44
JPM,DividendsPerShare,2016-06-30,0.48
JPM,DividendsPerShare,2016-09-30,0.48
JPM,DividendsPerShare,2016-12-31,0.48
JPM,DividendsPerShare,2017-03-31,0.5
JPM,DividendsPerShare,2017-06-30,0.5
JPM,DividendsPerShare,2017-09-30,0.56
JPM,DividendsPerShare,2017-12-31,0.56
JPM,DividendsPerShare,2018-03-31,0.56
JPM,DividendsPerShare,2018-06-30,1.12
JPM,DividendsPerShare,2018-09-30,0.8
JPM,DividendsPerShare,2018-12-31,0.8000000000000003
JPM,DividendsPerShare,2019-03-31,0.8
JPM,DividendsPerShare,2019-06-30,0.8
JPM,DividendsPerShare,2019-09-30,0.9
JPM,DividendsPerShare,2019-12-31,0.8999999999999999
JPM,DividendsPerShare,2020-03-31,0.9
JPM,DividendsPerShare,2020-06-30,0.9
JPM,DividendsPerShare,2020-09-30,0.9
JPM,DividendsPerShare,2020-12-31,0.8999999999999999
JPM,DividendsPerShare,2021-03-31,0.9
JPM,DividendsPerShare,2021-06-30,0.9
JPM,DividendsPerShare,2021-09-30,1.0
JPM,DividendsPerShare,2021-12-31,1.0
JPM,DividendsPerShare,2022-03-31,1.0
JPM,DividendsPerShare,2022-06-30,1.0
JPM,DividendsPerShare,2022-09-30,1.0
JPM,DividendsPerShare,2022-12-31,1.0
JPM,DividendsPerShare,2023-03-31,1.0
JPM,DividendsPerShare,2023-06-30,1.0
JPM,DividendsPerShare,2023-09-30,1.05
JPM,DividendsPerShare,2023-12-31,1.0499999999999998
JPM,DividendsPerShare,2024-03-31,1.15
JPM,DividendsPerShare,2024-06-30,1.15
JPM,DividendsPerShare,2024-09-30,1.25
JPM,DividendsPerShare,2024-12-31,1.25
JPM,DividendsPerShare,2025-03-31,1.4
JPM,DividendsPerShare,2025-06-30,1.4
JPM,DividendsPerShare,2025-09-30,1.5
JPM,DividendsPerShare,2025-12-31,1.5
JPM,DividendsPerShare,2026-03-31,1.5
JPM,Goodwill,2007-12-31,45270000000.0
JPM,Goodwill,2008-12-31,48027000000.0
JPM,Goodwill,2009-03-31,48201000000.0
JPM,Goodwill,2009-06-30,48288000000.0
JPM,Goodwill,2009-09-30,48334000000.0
JPM,Goodwill,2009-12-31,48357000000.0
JPM,Goodwill,2010-03-31,48359000000.0
JPM,Goodwill,2010-06-30,48320000000.0
JPM,Goodwill,2010-09-30,48736000000.0
JPM,Goodwill,2010-12-31,48854000000.0
JPM,Goodwill,2011-03-31,48856000000.0
JPM,Goodwill,2011-06-30,48882000000.0
JPM,Goodwill,2011-09-30,48180000000.0
JPM,Goodwill,2011-12-31,48188000000.0
JPM,Goodwill,2012-03-31,48208000000.0
JPM,Goodwill,2012-06-30,48131000000.0
JPM,Goodwill,2012-09-30,48178000000.0
JPM,Goodwill,2012-12-31,48175000000.0
JPM,Goodwill,2013-03-31,48067000000.0
JPM,Goodwill,2013-06-30,48057000000.0
JPM,Goodwill,2013-09-30,48100000000.0
JPM,Goodwill,2013-12-31,48081000000.0
JPM,Goodwill,2014-03-31,48065000000.0
JPM,Goodwill,2014-06-30,48110000000.0
JPM,Goodwill,2014-09-30,47970000000.0
JPM,Goodwill,2014-12-31,47647000000.0
JPM,Goodwill,2015-03-31,47453000000.0
JPM,Goodwill,2015-06-30,47476000000.0
JPM,Goodwill,2015-09-30,47405000000.0
JPM,Goodwill,2015-12-31,47325000000.0
JPM,Goodwill,2016-03-31,47310000000.0
JPM,Goodwill,2016-06-30,47303000000.0
JPM,Goodwill,2016-09-30,47302000000.0
JPM,Goodwill,2016-12-31,47288000000.0
JPM,Goodwill,2017-03-31,47292000000.0
JPM,Goodwill,2017-06-30,47300000000.0
JPM,Goodwill,2017-09-30,47309000000.0
JPM,Goodwill,2017-12-31,47507000000.0
JPM,Goodwill,2018-03-31,47499000000.0
JPM,Goodwill,2018-06-30,47488000000.0
JPM,Goodwill,2018-09-30,47483000000.0
JPM,Goodwill,2018-12-31,47471000000.0
JPM,Goodwill,2019-03-31,47474000000.0
JPM,Goodwill,2019-06-30,47477000000.0
JPM,Goodwill,2019-09-30,47818000000.0
JPM,Goodwill,2019-12-31,47823000000.0
JPM,Goodwill,2020-03-31,47800000000.0
JPM,Goodwill,2020-06-30,47811000000.0
JPM,Goodwill,2020-09-30,47819000000.0
JPM,Goodwill,2020-12-31,49248000000.0
JPM,Goodwill,2021-03-31,49243000000.0
JPM,Goodwill,2021-06-30,49256000000.0
JPM,Goodwill,2021-09-30,50313000000.0
JPM,Goodwill,2021-12-31,50315000000.0
JPM,Goodwill,2022-03-31,50298000000.0
JPM,Goodwill,2022-06-30,50697000000.0
JPM,Goodwill,2022-09-30,51461000000.0
JPM,Goodwill,2022-12-31,51662000000.0
JPM,Goodwill,2023-03-31,52144000000.0
JPM,Goodwill,2023-06-30,52380000000.0
JPM,Goodwill,2023-09-30,52492000000.0
JPM,Goodwill,2023-12-31,52634000000.0
JPM,Goodwill,2024-03-31,52636000000.0
JPM,Goodwill,2024-06-30,52620000000.0
JPM,Goodwill,2024-09-30,52711000000.0
JPM,Goodwill,2024-12-31,52565000000.0
JPM,Goodwill,2025-03-31,52621000000.0
JPM,Goodwill,2025-06-30,52747000000.0
JPM,Goodwill,2025-09-30,52717000000.0
JPM,Goodwill,2025-12-31,52731000000.0
JPM,Goodwill,2026-03-31,52706000000.0
JPM,LongTermDebt,2008-12-31,270683000000.0
JPM,LongTermDebt,2009-12-31,266318000000.0
JPM,LongTermDebt,2010-03-31,262857000000.0
JPM,LongTermDebt,2010-06-30,248618000000.0
JPM,LongTermDebt,2010-09-30,255589000000.0
JPM,LongTermDebt,2010-12-31,270653000000.0
JPM,LongTermDebt,2011-03-31,269616000000.0
JPM,LongTermDebt,2011-06-30,279228000000.0
JPM,LongTermDebt,2011-09-30,273688000000.0
JPM,LongTermDebt,2011-12-31,256775000000.0
JPM,LongTermDebt,2012-03-31,255831000000.0
JPM,LongTermDebt,2012-06-30,239539000000.0
JPM,LongTermDebt,2012-09-30,241140000000.0
JPM,LongTermDebt,2012-12-31,249024000000.0
JPM,LongTermDebt,2013-03-31,268361000000.0
JPM,LongTermDebt,2013-06-30,266212000000.0
JPM,LongTermDebt,2013-09-30,263372000000.0
JPM,LongTermDebt,2013-12-31,267889000000.0
JPM,LongTermDebt,2014-03-31,274512000000.0
JPM,LongTermDebt,2014-06-30,269929000000.0
JPM,NetIncomeLoss,2008-06-30,2003000000.0
JPM,NetIncomeLoss,2008-09-30,527000000.0
JPM,NetIncomeLoss,2009-03-31,2141000000.0
JPM,NetIncomeLoss,2009-06-30,2721000000.0
JPM,NetIncomeLoss,2009-09-30,3588000000.0
JPM,NetIncomeLoss,2009-12-31,3278000000.0
JPM,NetIncomeLoss,2010-03-31,3326000000.0
JPM,NetIncomeLoss,2010-06-30,4795000000.0
JPM,NetIncomeLoss,2010-09-30,4418000000.0
JPM,NetIncomeLoss,2010-12-31,4831000000.0
JPM,NetIncomeLoss,2011-03-31,5555000000.0
JPM,NetIncomeLoss,2011-06-30,5431000000.0
JPM,NetIncomeLoss,2011-09-30,4262000000.0
JPM,NetIncomeLoss,2011-12-31,3728000000.0
JPM,NetIncomeLoss,2012-03-31,4924000000.0
JPM,NetIncomeLoss,2012-06-30,4960000000.0
JPM,NetIncomeLoss,2012-09-30,5708000000.0
JPM,NetIncomeLoss,2012-12-31,5692000000.0
JPM,NetIncomeLoss,2013-03-31,6529000000.0
JPM,NetIncomeLoss,2013-06-30,6496000000.0
JPM,NetIncomeLoss,2013-09-30,-380000000.0
JPM,NetIncomeLoss,2013-12-31,5241000000.0
JPM,NetIncomeLoss,2014-03-31,5269000000.0
JPM,NetIncomeLoss,2014-06-30,5980000000.0
JPM,NetIncomeLoss,2014-09-30,5565000000.0
JPM,NetIncomeLoss,2014-12-31,4931000000.0
JPM,NetIncomeLoss,2015-03-31,5914000000.0
JPM,NetIncomeLoss,2015-06-30,6290000000.0
JPM,NetIncomeLoss,2015-09-30,6804000000.0
JPM,NetIncomeLoss,2015-12-31,5434000000.0
JPM,NetIncomeLoss,2016-03-31,5520000000.0
JPM,NetIncomeLoss,2016-06-30,6200000000.0
JPM,NetIncomeLoss,2016-09-30,6286000000.0
JPM,NetIncomeLoss,2016-12-31,6727000000.0
JPM,NetIncomeLoss,2017-03-31,6448000000.0
JPM,NetIncomeLoss,2017-06-30,7029000000.0
JPM,NetIncomeLoss,2017-09-30,6732000000.0
JPM,NetIncomeLoss,2017-12-31,4232000000.0
JPM,NetIncomeLoss,2018-03-31,8712000000.0
JPM,NetIncomeLoss,2018-06-30,8316000000.0
JPM,NetIncomeLoss,2018-09-30,8380000000.0
JPM,NetIncomeLoss,2018-12-31,7066000000.0
JPM,NetIncomeLoss,2019-03-31,9179000000.0
JPM,NetIncomeLoss,2019-06-30,9652000000.0
JPM,NetIncomeLoss,2019-09-30,9080000000.0
JPM,NetIncomeLoss,2019-12-31,8520000000.0
JPM,NetIncomeLoss,2020-03-31,2865000000.0
JPM,NetIncomeLoss,2020-06-30,4687000000.0
JPM,NetIncomeLoss,2020-09-30,9443000000.0
JPM,NetIncomeLoss,2020-12-31,12136000000.0
JPM,NetIncomeLoss,2021-03-31,14300000000.0
JPM,NetIncomeLoss,2021-06-30,11948000000.0
JPM,NetIncomeLoss,2021-09-30,11687000000.0
JPM,NetIncomeLoss,2021-12-31,10365000000.0
JPM,NetIncomeLoss,2022-03-31,8282000000.0
JPM,NetIncomeLoss,2022-06-30,8649000000.0
JPM,NetIncomeLoss,2022-09-30,9737000000.0
JPM,NetIncomeLoss,2022-12-31,11032000000.0
JPM,NetIncomeLoss,2023-03-31,12622000000.0
JPM,NetIncomeLoss,2023-06-30,14472000000.0
JPM,NetIncomeLoss,2023-09-30,13151000000.0
JPM,NetIncomeLoss,2023-12-31,9355000000.0
JPM,NetIncomeLoss,2024-03-31,13419000000.0
JPM,NetIncomeLoss,2024-06-30,18149000000.0
JPM,NetIncomeLoss,2024-09-30,12898000000.0
JPM,NetIncomeLoss,2024-12-31,14034000000.0
JPM,NetIncomeLoss,2025-03-31,14643000000.0
JPM,NetIncomeLoss,2025-06-30,14987000000.0
JPM,NetIncomeLoss,2025-09-30,14393000000.0
JPM,NetIncomeLoss,2025-12-31,12977000000.0
JPM,NetIncomeLoss,2026-03-31,16494000000.0
JPM,NetInterestIncome,2008-06-30,8294000000.0
JPM,NetInterestIncome,2008-09-30,8994000000.0
JPM,NetInterestIncome,2009-03-31,13367000000.0
JPM,NetInterestIncome,2009-06-30,12670000000.0
JPM,NetInterestIncome,2009-09-30,12737000000.0
JPM,NetInterestIncome,2009-12-31,12378000000.0
JPM,NetInterestIncome,2010-03-31,13710000000.0
JPM,NetInterestIncome,2010-06-30,12687000000.0
JPM,NetInterestIncome,2010-09-30,12502000000.0
JPM,NetInterestIncome,2010-12-31,12102000000.0
JPM,NetInterestIncome,2011-03-31,11905000000.0
JPM,NetInterestIncome,2011-06-30,11836000000.0
JPM,NetInterestIncome,2011-09-30,11817000000.0
JPM,NetInterestIncome,2011-12-31,12131000000.0
JPM,NetInterestIncome,2012-03-31,11666000000.0
JPM,NetInterestIncome,2012-06-30,11146000000.0
JPM,NetInterestIncome,2012-09-30,10976000000.0
JPM,NetInterestIncome,2012-12-31,11122000000.0
JPM,NetInterestIncome,2013-03-31,10933000000.0
JPM,NetInterestIncome,2013-06-30,10704000000.0
JPM,NetInterestIncome,2013-09-30,10775000000.0
JPM,NetInterestIncome,2013-12-31,10907000000.0
JPM,NetInterestIncome,2014-03-31,10667000000.0
JPM,NetInterestIncome,2014-06-30,10798000000.0
JPM,NetInterestIncome,2014-09-30,11107000000.0
JPM,NetInterestIncome,2014-12-31,11062000000.0
JPM,NetInterestIncome,2015-03-31,10677000000.0
JPM,NetInterestIncome,2015-06-30,10684000000.0
JPM,NetInterestIncome,2015-09-30,10924000000.0
JPM,NetInterestIncome,2015-12-31,11225000000.0
JPM,NetInterestIncome,2016-03-31,11380000000.0
JPM,NetInterestIncome,2016-06-30,11347000000.0
JPM,NetInterestIncome,2016-09-30,11603000000.0
JPM,NetInterestIncome,2016-12-31,11753000000.0
JPM,NetInterestIncome,2017-03-31,12064000000.0
JPM,NetInterestIncome,2017-06-30,12208000000.0
JPM,NetInterestIncome,2017-09-30,12798000000.0
JPM,NetInterestIncome,2017-12-31,13027000000.0
JPM,NetInterestIncome,2018-03-31,13312000000.0
JPM,NetInterestIncome,2018-06-30,13485000000.0
JPM,NetInterestIncome,2018-09-30,13908000000.0
JPM,NetInterestIncome,2018-12-31,14354000000.0
JPM,NetInterestIncome,2019-03-31,14453000000.0
JPM,NetInterestIncome,2019-06-30,14398000000.0
JPM,NetInterestIncome,2019-09-30,14228000000.0
JPM,NetInterestIncome,2019-12-31,14166000000.0
JPM,NetInterestIncome,2020-03-31,14439000000.0
JPM,NetInterestIncome,2020-06-30,13853000000.0
JPM,NetInterestIncome,2020-09-30,13013000000.0
JPM,NetInterestIncome,2020-12-31,13258000000.0
JPM,NetInterestIncome,2021-03-31,12889000000.0
JPM,NetInterestIncome,2021-06-30,12741000000.0
JPM,NetInterestIncome,2021-09-30,13080000000.0
JPM,NetInterestIncome,2021-12-31,13601000000.0
JPM,NetInterestIncome,2022-03-31,13872000000.0
JPM,NetInterestIncome,2022-06-30,15128000000.0
JPM,NetInterestIncome,2022-09-30,17518000000.0
JPM,NetInterestIncome,2022-12-31,20192000000.0
JPM,NetInterestIncome,2023-03-31,20711000000.0
JPM,NetInterestIncome,2023-06-30,21779000000.0
JPM,NetInterestIncome,2023-09-30,22726000000.0
JPM,NetInterestIncome,2023-12-31,24051000000.0
JPM,NetInterestIncome,2024-03-31,23082000000.0
JPM,NetInterestIncome,2024-06-30,22746000000.0
JPM,NetInterestIncome,2024-09-30,23405000000.0
JPM,NetInterestIncome,2024-12-31,23350000000.0
JPM,NetInterestIncome,2025-03-31,23273000000.0
JPM,NetInterestIncome,2025-06-30,23209000000.0
JPM,NetInterestIncome,2025-09-30,23966000000.0
JPM,NetInterestIncome,2025-12-31,24995000000.0
JPM,NetInterestIncome,2026-03-31,25366000000.0
JPM,NoninterestExpense,2008-06-30,12177000000.0
JPM,NoninterestExpense,2008-09-30,11137000000.0
JPM,NoninterestExpense,2009-03-31,13373000000.0
JPM,NoninterestExpense,2009-06-30,13520000000.0
JPM,NoninterestExpense,2009-09-30,13455000000.0
JPM,NoninterestExpense,2009-12-31,12004000000.0
JPM,NoninterestExpense,2010-03-31,16124000000.0
JPM,NoninterestExpense,2010-06-30,14631000000.0
JPM,NoninterestExpense,2010-09-30,14398000000.0
JPM,NoninterestExpense,2010-12-31,16043000000.0
JPM,NoninterestExpense,2011-03-31,15995000000.0
JPM,NoninterestExpense,2011-06-30,16842000000.0
JPM,NoninterestExpense,2011-09-30,15534000000.0
JPM,NoninterestExpense,2011-12-31,14540000000.0
JPM,NoninterestExpense,2012-03-31,18345000000.0
JPM,NoninterestExpense,2012-06-30,14966000000.0
JPM,NoninterestExpense,2012-09-30,15371000000.0
JPM,NoninterestExpense,2012-12-31,16047000000.0
JPM,NoninterestExpense,2013-03-31,15423000000.0
JPM,NoninterestExpense,2013-06-30,15866000000.0
JPM,NoninterestExpense,2013-09-30,23626000000.0
JPM,NoninterestExpense,2013-12-31,15552000000.0
JPM,NoninterestExpense,2014-03-31,14636000000.0
JPM,NoninterestExpense,2014-06-30,15431000000.0
JPM,NoninterestExpense,2014-09-30,15798000000.0
JPM,NoninterestExpense,2014-12-31,15409000000.0
JPM,NoninterestExpense,2015-03-31,14883000000.0
JPM,NoninterestExpense,2015-06-30,14500000000.0
JPM,NoninterestExpense,2015-09-30,15368000000.0
JPM,NoninterestExpense,2015-12-31,14263000000.0
JPM,NoninterestExpense,2016-03-31,13837000000.0
JPM,NoninterestExpense,2016-06-30,13638000000.0
JPM,NoninterestExpense,2016-09-30,14463000000.0
JPM,NoninterestExpense,2016-12-31,14734000000.0
JPM,NoninterestExpense,2017-03-31,15283000000.0
JPM,NoninterestExpense,2017-06-30,14767000000.0
JPM,NoninterestExpense,2017-09-30,14570000000.0
JPM,NoninterestExpense,2017-12-31,14895000000.0
JPM,NoninterestExpense,2018-03-31,16080000000.0
JPM,NoninterestExpense,2018-06-30,15971000000.0
JPM,NoninterestExpense,2018-09-30,15623000000.0
JPM,NoninterestExpense,2018-12-31,15474000000.0
JPM,NoninterestExpense,2019-03-31,16395000000.0
JPM,NoninterestExpense,2019-06-30,16256000000.0
JPM,NoninterestExpense,2019-09-30,16372000000.0
JPM,NoninterestExpense,2019-12-31,16293000000.0
JPM,NoninterestExpense,2020-03-31,16791000000.0
JPM,NoninterestExpense,2020-06-30,16942000000.0
JPM,NoninterestExpense,2020-09-30,16875000000.0
JPM,NoninterestExpense,2020-12-31,16048000000.0
JPM,NoninterestExpense,2021-03-31,18725000000.0
JPM,NoninterestExpense,2021-06-30,17667000000.0
JPM,NoninterestExpense,2021-09-30,17063000000.0
JPM,NoninterestExpense,2021-12-31,17888000000.0
JPM,NoninterestExpense,2022-03-31,19191000000.0
JPM,NoninterestExpense,2022-06-30,18749000000.0
JPM,NoninterestExpense,2022-09-30,19178000000.0
JPM,NoninterestExpense,2022-12-31,19022000000.0
JPM,NoninterestExpense,2023-03-31,20107000000.0
JPM,NoninterestExpense,2023-06-30,20822000000.0
JPM,NoninterestExpense,2023-09-30,21757000000.0
JPM,NoninterestExpense,2023-12-31,24486000000.0
JPM,NoninterestExpense,2024-03-31,22757000000.0
JPM,NoninterestExpense,2024-06-30,23713000000.0
JPM,NoninterestExpense,2024-09-30,22565000000.0
JPM,NoninterestExpense,2024-12-31,22762000000.0
JPM,NoninterestExpense,2025-03-31,23597000000.0
JPM,NoninterestExpense,2025-06-30,23779000000.0
JPM,NoninterestExpense,2025-09-30,24281000000.0
JPM,NoninterestExpense,2025-12-31,23983000000.0
JPM,NoninterestExpense,2026-03-31,26850000000.0
JPM,NoninterestIncome,2008-06-30,10105000000.0
JPM,NoninterestIncome,2008-09-30,5743000000.0
JPM,NoninterestIncome,2009-03-31,11658000000.0
JPM,NoninterestIncome,2009-06-30,12953000000.0
JPM,NoninterestIncome,2009-09-30,13885000000.0
JPM,NoninterestIncome,2009-12-31,10786000000.0
JPM,NoninterestIncome,2010-03-31,13961000000.0
JPM,NoninterestIncome,2010-06-30,12414000000.0
JPM,NoninterestIncome,2010-09-30,11322000000.0
JPM,NoninterestIncome,2010-12-31,13996000000.0
JPM,NoninterestIncome,2011-03-31,13316000000.0
JPM,NoninterestIncome,2011-06-30,14943000000.0
JPM,NoninterestIncome,2011-09-30,11946000000.0
JPM,NoninterestIncome,2011-12-31,9340000000.0
JPM,NoninterestIncome,2012-03-31,14386000000.0
JPM,NoninterestIncome,2012-06-30,11034000000.0
JPM,NoninterestIncome,2012-09-30,14170000000.0
JPM,NoninterestIncome,2012-12-31,12531000000.0
JPM,NoninterestIncome,2013-03-31,14189000000.0
JPM,NoninterestIncome,2013-06-30,14507000000.0
JPM,NoninterestIncome,2013-09-30,12342000000.0
JPM,NoninterestIncome,2013-12-31,13010000000.0
JPM,NoninterestIncome,2014-03-31,12548000000.0
JPM,NoninterestIncome,2014-06-30,13880000000.0
JPM,NoninterestIncome,2014-09-30,13362000000.0
JPM,NoninterestIncome,2014-12-31,11688000000.0
JPM,NoninterestIncome,2015-03-31,13389000000.0
JPM,NoninterestIncome,2015-06-30,13128000000.0
JPM,NoninterestIncome,2015-09-30,11856000000.0
JPM,NoninterestIncome,2015-12-31,11660000000.0
JPM,NoninterestIncome,2016-03-31,11859000000.0
JPM,NoninterestIncome,2016-06-30,13033000000.0
JPM,NoninterestIncome,2016-09-30,13070000000.0
JPM,NoninterestIncome,2016-12-31,12524000000.0
JPM,NoninterestIncome,2017-03-31,12875000000.0
JPM,NoninterestIncome,2017-06-30,13523000000.0
JPM,NoninterestIncome,2017-09-30,12780000000.0
JPM,NoninterestIncome,2017-12-31,11430000000.0
JPM,NoninterestIncome,2018-03-31,14595000000.0
JPM,NoninterestIncome,2018-06-30,14268000000.0
JPM,NoninterestIncome,2018-09-30,13352000000.0
JPM,NoninterestIncome,2018-12-31,11509000000.0
JPM,NoninterestIncome,2019-03-31,14670000000.0
JPM,NoninterestIncome,2019-06-30,14349000000.0
JPM,NoninterestIncome,2019-09-30,15063000000.0
JPM,NoninterestIncome,2019-12-31,14440000000.0
JPM,NoninterestIncome,2020-03-31,13847000000.0
JPM,NoninterestIncome,2020-06-30,19222000000.0
JPM,NoninterestIncome,2020-09-30,16242000000.0
JPM,NoninterestIncome,2020-12-31,16077000000.0
JPM,NoninterestIncome,2021-03-31,19377000000.0
JPM,NoninterestIncome,2021-06-30,17738000000.0
JPM,NoninterestIncome,2021-09-30,16567000000.0
JPM,NoninterestIncome,2021-12-31,15656000000.0
JPM,NoninterestIncome,2022-03-31,16845000000.0
JPM,NoninterestIncome,2022-06-30,15587000000.0
JPM,NoninterestIncome,2022-09-30,15198000000.0
JPM,NoninterestIncome,2022-12-31,14355000000.0
JPM,NoninterestIncome,2023-03-31,17638000000.0
JPM,NoninterestIncome,2023-06-30,19528000000.0
JPM,NoninterestIncome,2023-09-30,17148000000.0
JPM,NoninterestIncome,2023-12-31,14523000000.0
JPM,NoninterestIncome,2024-03-31,18852000000.0
JPM,NoninterestIncome,2024-06-30,27454000000.0
JPM,NoninterestIncome,2024-09-30,19249000000.0
JPM,NoninterestIncome,2024-12-31,19418000000.0
JPM,NoninterestIncome,2025-03-31,22037000000.0
JPM,NoninterestIncome,2025-06-30,21703000000.0
JPM,NoninterestIncome,2025-09-30,22461000000.0
JPM,NoninterestIncome,2025-12-31,20803000000.0
JPM,NoninterestIncome,2026-03-31,24470000000.0
JPM,OperatingCashFlow,2008-09-30,8432000000.0
JPM,OperatingCashFlow,2009-03-31,50756000000.0
JPM,OperatingCashFlow,2009-06-30,52503000000.0
JPM,OperatingCashFlow,2009-09-30,7625000000.0
JPM,OperatingCashFlow,2009-12-31,11913000000.0
JPM,OperatingCashFlow,2010-03-31,17394000000.0
JPM,OperatingCashFlow,2010-06-30,28333000000.0
JPM,OperatingCashFlow,2010-09-30,-50590000000.0
JPM,OperatingCashFlow,2010-12-31,1111000000.0
JPM,OperatingCashFlow,2011-03-31,-5979000000.0
JPM,OperatingCashFlow,2011-06-30,64704000000.0
JPM,OperatingCashFlow,2011-09-30,7793000000.0
JPM,OperatingCashFlow,2011-12-31,29414000000.0
JPM,OperatingCashFlow,2012-03-31,4266000000.0
JPM,OperatingCashFlow,2012-06-30,41983000000.0
JPM,OperatingCashFlow,2012-09-30,-16659000000.0
JPM,OperatingCashFlow,2012-12-31,-4511000000.0
JPM,OperatingCashFlow,2013-03-31,19964000000.0
JPM,OperatingCashFlow,2013-06-30,68520000000.0
JPM,OperatingCashFlow,2013-09-30,26383000000.0
JPM,OperatingCashFlow,2013-12-31,-6914000000.0
JPM,OperatingCashFlow,2014-03-31,14667000000.0
JPM,OperatingCashFlow,2014-06-30,-4371000000.0
JPM,OperatingCashFlow,2014-09-30,-2449000000.0
JPM,OperatingCashFlow,2014-12-31,28746000000.0
JPM,OperatingCashFlow,2015-03-31,14879000000.0
JPM,OperatingCashFlow,2015-06-30,17296000000.0
JPM,OperatingCashFlow,2015-09-30,25124000000.0
JPM,OperatingCashFlow,2015-12-31,16167000000.0
JPM,OperatingCashFlow,2016-03-31,-21383000000.0
JPM,OperatingCashFlow,2016-06-30,-1524000000.0
JPM,OperatingCashFlow,2016-09-30,4192000000.0
JPM,OperatingCashFlow,2016-12-31,40599000000.0
JPM,OperatingCashFlow,2017-03-31,-22559000000.0
JPM,OperatingCashFlow,2017-06-30,4073000000.0
JPM,OperatingCashFlow,2017-09-30,-4895000000.0
JPM,OperatingCashFlow,2017-12-31,12554000000.0
JPM,OperatingCashFlow,2018-03-31,-35109000000.0
JPM,OperatingCashFlow,2018-06-30,35685000000.0
JPM,OperatingCashFlow,2018-09-30,13189000000.0
JPM,OperatingCashFlow,2018-12-31,1849000000.0
JPM,OperatingCashFlow,2019-03-31,-80880000000.0
JPM,OperatingCashFlow,2019-06-30,-13854000000.0
JPM,OperatingCashFlow,2019-09-30,16015000000.0
JPM,OperatingCashFlow,2019-12-31,82811000000.0
JPM,OperatingCashFlow,2020-03-31,-120089000000.0
JPM,OperatingCashFlow,2020-06-30,82919000000.0
JPM,OperatingCashFlow,2020-09-30,-14688000000.0
JPM,OperatingCashFlow,2020-12-31,-28052000000.0
JPM,OperatingCashFlow,2021-03-31,-43872000000.0
JPM,OperatingCashFlow,2021-06-30,13530000000.0
JPM,OperatingCashFlow,2021-09-30,23331000000.0
JPM,OperatingCashFlow,2021-12-31,85095000000.0
JPM,OperatingCashFlow,2022-03-31,-41917000000.0
JPM,OperatingCashFlow,2022-06-30,66018000000.0
JPM,OperatingCashFlow,2022-09-30,-18204000000.0
JPM,OperatingCashFlow,2022-12-31,101222000000.0
JPM,OperatingCashFlow,2023-03-31,-111241000000.0
JPM,OperatingCashFlow,2023-06-30,18865000000.0
JPM,OperatingCashFlow,2023-09-30,45119000000.0
JPM,OperatingCashFlow,2023-12-31,60231000000.0
JPM,OperatingCashFlow,2024-03-31,-154158000000.0
JPM,OperatingCashFlow,2024-06-30,38469000000.0
JPM,OperatingCashFlow,2024-09-30,-74081000000.0
JPM,OperatingCashFlow,2024-12-31,147758000000.0
JPM,OperatingCashFlow,2025-03-31,-251839000000.0
JPM,OperatingCashFlow,2025-06-30,29547000000.0
JPM,OperatingCashFlow,2025-09-30,-45214000000.0
JPM,OperatingCashFlow,2025-12-31,119724000000.0
JPM,OperatingCashFlow,2026-03-31,-211761000000.0
JPM,ProvisionForCreditLosses,2008-06-30,3455000000.0
JPM,ProvisionForCreditLosses,2008-09-30,5787000000.0
JPM,ProvisionForCreditLosses,2009-03-31,8596000000.0
JPM,ProvisionForCreditLosses,2009-06-30,8031000000.0
JPM,ProvisionForCreditLosses,2009-09-30,8104000000.0
JPM,ProvisionForCreditLosses,2009-12-31,7284000000.0
JPM,ProvisionForCreditLosses,2010-03-31,7010000000.0
JPM,ProvisionForCreditLosses,2010-06-30,3363000000.0
JPM,ProvisionForCreditLosses,2010-09-30,3223000000.0
JPM,ProvisionForCreditLosses,2010-12-31,3043000000.0
JPM,ProvisionForCreditLosses,2011-03-31,1169000000.0
JPM,ProvisionForCreditLosses,2011-06-30,1810000000.0
JPM,ProvisionForCreditLosses,2011-09-30,2411000000.0
JPM,ProvisionForCreditLosses,2011-12-31,2184000000.0
JPM,ProvisionForCreditLosses,2012-03-31,726000000.0
JPM,ProvisionForCreditLosses,2012-06-30,214000000.0
JPM,ProvisionForCreditLosses,2012-09-30,1789000000.0
JPM,ProvisionForCreditLosses,2012-12-31,656000000.0
JPM,ProvisionForCreditLosses,2013-03-31,617000000.0
JPM,ProvisionForCreditLosses,2013-06-30,47000000.0
JPM,ProvisionForCreditLosses,2013-09-30,-543000000.0
JPM,ProvisionForCreditLosses,2013-12-31,104000000.0
JPM,ProvisionForCreditLosses,2014-03-31,850000000.0
JPM,ProvisionForCreditLosses,2014-06-30,692000000.0
JPM,ProvisionForCreditLosses,2014-09-30,757000000.0
JPM,ProvisionForCreditLosses,2014-12-31,840000000.0
JPM,ProvisionForCreditLosses,2015-03-31,959000000.0
JPM,ProvisionForCreditLosses,2015-06-30,935000000.0
JPM,ProvisionForCreditLosses,2015-09-30,682000000.0
JPM,ProvisionForCreditLosses,2015-12-31,1251000000.0
JPM,ProvisionForCreditLosses,2016-03-31,1824000000.0
JPM,ProvisionForCreditLosses,2016-06-30,1402000000.0
JPM,ProvisionForCreditLosses,2016-09-30,1271000000.0
JPM,ProvisionForCreditLosses,2016-12-31,864000000.0
JPM,ProvisionForCreditLosses,2017-03-31,1315000000.0
JPM,ProvisionForCreditLosses,2017-06-30,1215000000.0
JPM,ProvisionForCreditLosses,2017-09-30,1452000000.0
JPM,ProvisionForCreditLosses,2017-12-31,1308000000.0
JPM,ProvisionForCreditLosses,2018-03-31,1165000000.0
JPM,ProvisionForCreditLosses,2018-06-30,1210000000.0
JPM,ProvisionForCreditLosses,2018-09-30,948000000.0
JPM,ProvisionForCreditLosses,2018-12-31,1548000000.0
JPM,ProvisionForCreditLosses,2019-03-31,1495000000.0
JPM,ProvisionForCreditLosses,2019-06-30,1149000000.0
JPM,ProvisionForCreditLosses,2019-09-30,1514000000.0
JPM,ProvisionForCreditLosses,2019-12-31,1427000000.0
JPM,ProvisionForCreditLosses,2020-03-31,8285000000.0
JPM,ProvisionForCreditLosses,2020-06-30,10473000000.0
JPM,ProvisionForCreditLosses,2020-09-30,611000000.0
JPM,ProvisionForCreditLosses,2020-12-31,-1889000000.0
JPM,ProvisionForCreditLosses,2021-03-31,-4156000000.0
JPM,ProvisionForCreditLosses,2021-06-30,-2285000000.0
JPM,ProvisionForCreditLosses,2021-09-30,-1527000000.0
JPM,ProvisionForCreditLosses,2021-12-31,-1288000000.0
JPM,ProvisionForCreditLosses,2022-03-31,1463000000.0
JPM,ProvisionForCreditLosses,2022-06-30,1101000000.0
JPM,ProvisionForCreditLosses,2022-09-30,1537000000.0
JPM,ProvisionForCreditLosses,2022-12-31,2288000000.0
JPM,ProvisionForCreditLosses,2023-03-31,2275000000.0
JPM,ProvisionForCreditLosses,2023-06-30,2899000000.0
JPM,ProvisionForCreditLosses,2023-09-30,1384000000.0
JPM,ProvisionForCreditLosses,2023-12-31,2762000000.0
JPM,ProvisionForCreditLosses,2024-03-31,1884000000.0
JPM,ProvisionForCreditLosses,2024-06-30,3052000000.0
JPM,ProvisionForCreditLosses,2024-09-30,3111000000.0
JPM,ProvisionForCreditLosses,2024-12-31,2631000000.0
JPM,ProvisionForCreditLosses,2025-03-31,3305000000.0
JPM,ProvisionForCreditLosses,2025-06-30,2849000000.0
JPM,ProvisionForCreditLosses,2025-09-30,3403000000.0
JPM,ProvisionForCreditLosses,2025-12-31,4655000000.0
JPM,ProvisionForCreditLosses,2026-03-31,2507000000.0
JPM,Revenue,2008-06-30,18399000000.0
JPM,Revenue,2008-09-30,14737000000.0
JPM,Revenue,2009-03-31,25025000000.0
JPM,Revenue,2009-06-30,25623000000.0
JPM,Revenue,2009-09-30,26622000000.0
JPM,Revenue,2009-12-31,23164000000.0
JPM,Revenue,2010-03-31,27671000000.0
JPM,Revenue,2010-06-30,25101000000.0
JPM,Revenue,2010-09-30,23824000000.0
JPM,Revenue,2010-12-31,26098000000.0
JPM,Revenue,2011-03-31,25221000000.0
JPM,Revenue,2011-06-30,26779000000.0
JPM,Revenue,2011-09-30,23763000000.0
JPM,Revenue,2011-12-31,21471000000.0
JPM,Revenue,2012-03-31,26052000000.0
JPM,Revenue,2012-06-30,22180000000.0
JPM,Revenue,2012-09-30,25146000000.0
JPM,Revenue,2012-12-31,23653000000.0
JPM,Revenue,2013-03-31,25122000000.0
JPM,Revenue,2013-06-30,25211000000.0
JPM,Revenue,2013-09-30,23117000000.0
JPM,Revenue,2013-12-31,23917000000.0
JPM,Revenue,2014-03-31,23215000000.0
JPM,Revenue,2014-06-30,24678000000.0
JPM,Revenue,2014-09-30,24469000000.0
JPM,Revenue,2014-12-31,22750000000.0
JPM,Revenue,2015-03-31,24066000000.0
JPM,Revenue,2015-06-30,23812000000.0
JPM,Revenue,2015-09-30,22780000000.0
JPM,Revenue,2015-12-31,22885000000.0
JPM,Revenue,2016-03-31,23239000000.0
JPM,Revenue,2016-06-30,24380000000.0
JPM,Revenue,2016-09-30,24673000000.0
JPM,Revenue,2016-12-31,24277000000.0
JPM,Revenue,2017-03-31,24939000000.0
JPM,Revenue,2017-06-30,25731000000.0
JPM,Revenue,2017-09-30,25578000000.0
JPM,Revenue,2017-12-31,24457000000.0
JPM,Revenue,2018-03-31,27907000000.0
JPM,Revenue,2018-06-30,27753000000.0
JPM,Revenue,2018-09-30,27260000000.0
JPM,Revenue,2018-12-31,25863000000.0
JPM,Revenue,2019-03-31,29123000000.0
JPM,Revenue,2019-06-30,28747000000.0
JPM,Revenue,2019-09-30,29291000000.0
JPM,Revenue,2019-12-31,28606000000.0
JPM,Revenue,2020-03-31,28286000000.0
JPM,Revenue,2020-06-30,33075000000.0
JPM,Revenue,2020-09-30,29255000000.0
JPM,Revenue,2020-12-31,29335000000.0
JPM,Revenue,2021-03-31,32266000000.0
JPM,Revenue,2021-06-30,30479000000.0
JPM,Revenue,2021-09-30,29647000000.0
JPM,Revenue,2021-12-31,29257000000.0
JPM,Revenue,2022-03-31,30717000000.0
JPM,Revenue,2022-06-30,30715000000.0
JPM,Revenue,2022-09-30,32716000000.0
JPM,Revenue,2022-12-31,34547000000.0
JPM,Revenue,2023-03-31,38349000000.0
JPM,Revenue,2023-06-30,41307000000.0
JPM,Revenue,2023-09-30,39874000000.0
JPM,Revenue,2023-12-31,38574000000.0
JPM,Revenue,2024-03-31,41934000000.0
JPM,Revenue,2024-06-30,50200000000.0
JPM,Revenue,2024-09-30,42654000000.0
JPM,Revenue,2024-12-31,42768000000.0
JPM,Revenue,2025-03-31,45310000000.0
JPM,Revenue,2025-06-30,44912000000.0
JPM,Revenue,2025-09-30,46427000000.0
JPM,Revenue,2025-12-31,45798000000.0
JPM,Revenue,2026-03-31,49836000000.0
JPM,StockholdersEquity,2008-06-30,133176000000.0
JPM,StockholdersEquity,2008-12-31,166884000000.0
JPM,StockholdersEquity,2009-06-30,154766000000.0
JPM,StockholdersEquity,2009-09-30,162253000000.0
JPM,StockholdersEquity,2009-12-31,160845000000.0
JPM,StockholdersEquity,2010-03-31,164721000000.0
JPM,StockholdersEquity,2010-06-30,171120000000.0
JPM,StockholdersEquity,2010-09-30,173830000000.0
JPM,StockholdersEquity,2010-12-31,176106000000.0
JPM,StockholdersEquity,2011-03-31,180598000000.0
JPM,StockholdersEquity,2011-06-30,182879000000.0
JPM,StockholdersEquity,2011-09-30,182287000000.0
JPM,StockholdersEquity,2011-12-31,183573000000.0
JPM,StockholdersEquity,2012-03-31,189269000000.0
JPM,StockholdersEquity,2012-06-30,191572000000.0
JPM,StockholdersEquity,2012-09-30,199693000000.0
JPM,StockholdersEquity,2012-12-31,204069000000.0
JPM,StockholdersEquity,2013-03-31,207086000000.0
JPM,StockholdersEquity,2013-06-30,209239000000.0
JPM,StockholdersEquity,2013-09-30,206670000000.0
JPM,StockholdersEquity,2013-12-31,211178000000.0
JPM,StockholdersEquity,2014-03-31,219655000000.0
JPM,StockholdersEquity,2014-06-30,227314000000.0
JPM,StockholdersEquity,2014-09-30,231277000000.0
JPM,StockholdersEquity,2014-12-31,231727000000.0
JPM,StockholdersEquity,2015-03-31,235864000000.0
JPM,StockholdersEquity,2015-06-30,241205000000.0
JPM,StockholdersEquity,2015-09-30,245728000000.0
JPM,StockholdersEquity,2015-12-31,247573000000.0
JPM,StockholdersEquity,2016-03-31,250157000000.0
JPM,StockholdersEquity,2016-06-30,252423000000.0
JPM,StockholdersEquity,2016-09-30,254331000000.0
JPM,StockholdersEquity,2016-12-31,254190000000.0
JPM,StockholdersEquity,2017-03-31,255863000000.0
JPM,StockholdersEquity,2017-06-30,258483000000.0
JPM,StockholdersEquity,2017-09-30,258382000000.0
JPM,StockholdersEquity,2017-12-31,255693000000.0
JPM,StockholdersEquity,2018-03-31,256201000000.0
JPM,StockholdersEquity,2018-06-30,257458000000.0
JPM,StockholdersEquity,2018-09-30,258956000000.0
JPM,StockholdersEquity,2018-12-31,256515000000.0
JPM,StockholdersEquity,2019-03-31,259837000000.0
JPM,StockholdersEquity,2019-06-30,263215000000.0
JPM,StockholdersEquity,2019-09-30,264348000000.0
JPM,StockholdersEquity,2019-12-31,261330000000.0
JPM,StockholdersEquity,2020-03-31,261262000000.0
JPM,StockholdersEquity,2020-06-30,264466000000.0
JPM,StockholdersEquity,2020-09-30,271113000000.0
JPM,StockholdersEquity,2020-12-31,279354000000.0
JPM,StockholdersEquity,2021-03-31,280714000000.0
JPM,StockholdersEquity,2021-06-30,286386000000.0
JPM,StockholdersEquity,2021-09-30,290041000000.0
JPM,StockholdersEquity,2021-12-31,294127000000.0
JPM,StockholdersEquity,2022-03-31,285899000000.0
JPM,StockholdersEquity,2022-06-30,286143000000.0
JPM,StockholdersEquity,2022-09-30,288018000000.0
JPM,StockholdersEquity,2022-12-31,292332000000.0
JPM,StockholdersEquity,2023-03-31,303082000000.0
JPM,StockholdersEquity,2023-06-30,312516000000.0
JPM,StockholdersEquity,2023-09-30,317371000000.0
JPM,StockholdersEquity,2023-12-31,327878000000.0
JPM,StockholdersEquity,2024-03-31,336637000000.0
JPM,StockholdersEquity,2024-06-30,340552000000.0
JPM,StockholdersEquity,2024-09-30,345836000000.0
JPM,StockholdersEquity,2024-12-31,344758000000.0
JPM,StockholdersEquity,2025-03-31,351420000000.0
JPM,StockholdersEquity,2025-06-30,356924000000.0
JPM,StockholdersEquity,2025-09-30,360212000000.0
JPM,StockholdersEquity,2025-12-31,362438000000.0
JPM,StockholdersEquity,2026-03-31,364038000000.0
JPM,SharesOutstanding,2007-12-31,3445000000.0
JPM,SharesOutstanding,2008-06-30,3453100000.0
JPM,SharesOutstanding,2008-09-30,3444600000.0
JPM,SharesOutstanding,2008-12-31,3521800000.0
JPM,SharesOutstanding,2009-03-31,3758700000.0
JPM,SharesOutstanding,2009-06-30,3824100000.0
JPM,SharesOutstanding,2009-09-30,1981000000.0
JPM,SharesOutstanding,2009-12-31,1939850000.0
JPM,SharesOutstanding,2010-03-31,1997350000.0
JPM,SharesOutstanding,2010-06-30,2002800000.0
JPM,SharesOutstanding,2010-09-30,1985950000.0
JPM,SharesOutstanding,2010-12-31,1988450000.0
JPM,SharesOutstanding,2011-03-31,2007050000.0
JPM,SharesOutstanding,2011-06-30,1991600000.0
JPM,SharesOutstanding,2011-09-30,1936100000.0
JPM,SharesOutstanding,2011-12-31,1960150000.0
JPM,SharesOutstanding,2012-03-31,3833400000.0
JPM,SharesOutstanding,2012-06-30,3820500000.0
JPM,SharesOutstanding,2012-09-30,3813900000.0
JPM,SharesOutstanding,2012-12-31,3822200000.0
JPM,SharesOutstanding,2013-03-31,1923500000.0
JPM,SharesOutstanding,2013-06-30,3814300000.0
JPM,SharesOutstanding,2013-09-30,3767000000.0
JPM,SharesOutstanding,2013-12-31,3814900000.0
JPM,SharesOutstanding,2014-03-31,3823600000.0
JPM,SharesOutstanding,2014-06-30,3812500000.0
JPM,SharesOutstanding,2014-09-30,3788700000.0
JPM,SharesOutstanding,2014-12-31,3797500000.0
JPM,SharesOutstanding,2015-03-31,3757500000.0
JPM,SharesOutstanding,2015-06-30,3743600000.0
JPM,SharesOutstanding,2015-09-30,3725600000.0
JPM,SharesOutstanding,2015-12-31,3773600000.0
JPM,SharesOutstanding,2016-03-31,3737600000.0
JPM,SharesOutstanding,2016-06-30,3706200000.0
JPM,SharesOutstanding,2016-09-30,3669800000.0
JPM,SharesOutstanding,2016-12-31,3690000000.0
JPM,SharesOutstanding,2017-03-31,3630400000.0
JPM,SharesOutstanding,2017-06-30,3599000000.0
JPM,SharesOutstanding,2017-09-30,3559600000.0
JPM,SharesOutstanding,2017-12-31,3576800000.0
JPM,SharesOutstanding,2018-03-31,3479500000.0
JPM,SharesOutstanding,2018-06-30,3434700000.0
JPM,SharesOutstanding,2018-09-30,3394300000.0
JPM,SharesOutstanding,2018-12-31,3414000000.0
JPM,SharesOutstanding,2019-03-31,3308200000.0
JPM,SharesOutstanding,2019-06-30,3259700000.0
JPM,SharesOutstanding,2019-09-30,3207200000.0
JPM,SharesOutstanding,2019-12-31,3230400000.0
JPM,SharesOutstanding,2020-03-31,3100700000.0
JPM,SharesOutstanding,2020-06-30,3081000000.0
JPM,SharesOutstanding,2020-09-30,3082800000.0
JPM,SharesOutstanding,2020-12-31,3087400000.0
JPM,SharesOutstanding,2021-03-31,3078900000.0
JPM,SharesOutstanding,2021-06-30,3041900000.0
JPM,SharesOutstanding,2021-09-30,3005100000.0
JPM,SharesOutstanding,2021-12-31,3026600000.0
JPM,SharesOutstanding,2022-03-31,2981000000.0
JPM,SharesOutstanding,2022-06-30,2966300000.0
JPM,SharesOutstanding,2022-09-30,2965400000.0
JPM,SharesOutstanding,2022-12-31,2970000000.0
JPM,SharesOutstanding,2023-03-31,2972700000.0
JPM,SharesOutstanding,2023-06-30,2948300000.0
JPM,SharesOutstanding,2023-09-30,2932100000.0
JPM,SharesOutstanding,2023-12-31,2943100000.0
JPM,SharesOutstanding,2024-03-31,2912800000.0
JPM,SharesOutstanding,2024-06-30,2894900000.0
JPM,SharesOutstanding,2024-09-30,2865900000.0
JPM,SharesOutstanding,2024-12-31,2879000000.0
JPM,SharesOutstanding,2025-03-31,2824300000.0
JPM,SharesOutstanding,2025-06-30,2793700000.0
JPM,SharesOutstanding,2025-09-30,2767600000.0
JPM,SharesOutstanding,2025-12-31,2781500000.0
JPM,SharesOutstanding,2026-03-31,2720200000.0
JPM,Revenue_TTM,2008-06-30,
JPM,Revenue_TTM,2008-09-30,
JPM,Revenue_TTM,2009-03-31,
JPM,Revenue_TTM,2009-06-30,83784000000.0
JPM,Revenue_TTM,2009-09-30,92007000000.0
JPM,Revenue_TTM,2009-12-31,100434000000.0
JPM,Revenue_TTM,2010-03-31,103080000000.0
JPM,Revenue_TTM,2010-06-30,102558000000.0
JPM,Revenue_TTM,2010-09-30,99760000000.0
JPM,Revenue_TTM,2010-12-31,102694000000.0
JPM,Revenue_TTM,2011-03-31,100244000000.0
JPM,Revenue_TTM,2011-06-30,101922000000.0
JPM,Revenue_TTM,2011-09-30,101861000000.0
JPM,Revenue_TTM,2011-12-31,97234000000.0
JPM,Revenue_TTM,2012-03-31,98065000000.0
JPM,Revenue_TTM,2012-06-30,93466000000.0
JPM,Revenue_TTM,2012-09-30,94849000000.0
JPM,Revenue_TTM,2012-12-31,97031000000.0
JPM,Revenue_TTM,2013-03-31,96101000000.0
JPM,Revenue_TTM,2013-06-30,99132000000.0
JPM,Revenue_TTM,2013-09-30,97103000000.0
JPM,Revenue_TTM,2013-12-31,97367000000.0
JPM,Revenue_TTM,2014-03-31,95460000000.0
JPM,Revenue_TTM,2014-06-30,94927000000.0
JPM,Revenue_TTM,2014-09-30,96279000000.0
JPM,Revenue_TTM,2014-12-31,95112000000.0
JPM,Revenue_TTM,2015-03-31,95963000000.0
JPM,Revenue_TTM,2015-06-30,95097000000.0
JPM,Revenue_TTM,2015-09-30,93408000000.0
JPM,Revenue_TTM,2015-12-31,93543000000.0
JPM,Revenue_TTM,2016-03-31,92716000000.0
JPM,Revenue_TTM,2016-06-30,93284000000.0
JPM,Revenue_TTM,2016-09-30,95177000000.0
JPM,Revenue_TTM,2016-12-31,96569000000.0
JPM,Revenue_TTM,2017-03-31,98269000000.0
JPM,Revenue_TTM,2017-06-30,99620000000.0
JPM,Revenue_TTM,2017-09-30,100525000000.0
JPM,Revenue_TTM,2017-12-31,100705000000.0
JPM,Revenue_TTM,2018-03-31,103673000000.0
JPM,Revenue_TTM,2018-06-30,105695000000.0
JPM,Revenue_TTM,2018-09-30,107377000000.0
JPM,Revenue_TTM,2018-12-31,108783000000.0
JPM,Revenue_TTM,2019-03-31,109999000000.0
JPM,Revenue_TTM,2019-06-30,110993000000.0
JPM,Revenue_TTM,2019-09-30,113024000000.0
JPM,Revenue_TTM,2019-12-31,115767000000.0
JPM,Revenue_TTM,2020-03-31,114930000000.0
JPM,Revenue_TTM,2020-06-30,119258000000.0
JPM,Revenue_TTM,2020-09-30,119222000000.0
JPM,Revenue_TTM,2020-12-31,119951000000.0
JPM,Revenue_TTM,2021-03-31,123931000000.0
JPM,Revenue_TTM,2021-06-30,121335000000.0
JPM,Revenue_TTM,2021-09-30,121727000000.0
JPM,Revenue_TTM,2021-12-31,121649000000.0
JPM,Revenue_TTM,2022-03-31,120100000000.0
JPM,Revenue_TTM,2022-06-30,120336000000.0
JPM,Revenue_TTM,2022-09-30,123405000000.0
JPM,Revenue_TTM,2022-12-31,128695000000.0
JPM,Revenue_TTM,2023-03-31,136327000000.0
JPM,Revenue_TTM,2023-06-30,146919000000.0
JPM,Revenue_TTM,2023-09-30,154077000000.0
JPM,Revenue_TTM,2023-12-31,158104000000.0
JPM,Revenue_TTM,2024-03-31,161689000000.0
JPM,Revenue_TTM,2024-06-30,170582000000.0
JPM,Revenue_TTM,2024-09-30,173362000000.0
JPM,Revenue_TTM,2024-12-31,177556000000.0
JPM,Revenue_TTM,2025-03-31,180932000000.0
JPM,Revenue_TTM,2025-06-30,175644000000.0
JPM,Revenue_TTM,2025-09-30,179417000000.0
JPM,Revenue_TTM,2025-12-31,182447000000.0
JPM,Revenue_TTM,2026-03-31,186973000000.0
JPM,NetIncomeLoss_TTM,2008-06-30,
JPM,NetIncomeLoss_TTM,2008-09-30,
JPM,NetIncomeLoss_TTM,2009-03-31,
JPM,NetIncomeLoss_TTM,2009-06-30,7392000000.0
JPM,NetIncomeLoss_TTM,2009-09-30,8977000000.0
JPM,NetIncomeLoss_TTM,2009-12-31,11728000000.0
JPM,NetIncomeLoss_TTM,2010-03-31,12913000000.0
JPM,NetIncomeLoss_TTM,2010-06-30,14987000000.0
JPM,NetIncomeLoss_TTM,2010-09-30,15817000000.0
JPM,NetIncomeLoss_TTM,2010-12-31,17370000000.0
JPM,NetIncomeLoss_TTM,2011-03-31,19599000000.0
JPM,NetIncomeLoss_TTM,2011-06-30,20235000000.0
JPM,NetIncomeLoss_TTM,2011-09-30,20079000000.0
JPM,NetIncomeLoss_TTM,2011-12-31,18976000000.0
JPM,NetIncomeLoss_TTM,2012-03-31,18345000000.0
JPM,NetIncomeLoss_TTM,2012-06-30,17874000000.0
JPM,NetIncomeLoss_TTM,2012-09-30,19320000000.0
JPM,NetIncomeLoss_TTM,2012-12-31,21284000000.0
JPM,NetIncomeLoss_TTM,2013-03-31,22889000000.0
JPM,NetIncomeLoss_TTM,2013-06-30,24425000000.0
JPM,NetIncomeLoss_TTM,2013-09-30,18337000000.0
JPM,NetIncomeLoss_TTM,2013-12-31,17886000000.0
JPM,NetIncomeLoss_TTM,2014-03-31,16626000000.0
JPM,NetIncomeLoss_TTM,2014-06-30,16110000000.0
JPM,NetIncomeLoss_TTM,2014-09-30,22055000000.0
JPM,NetIncomeLoss_TTM,2014-12-31,21745000000.0
JPM,NetIncomeLoss_TTM,2015-03-31,22390000000.0
JPM,NetIncomeLoss_TTM,2015-06-30,22700000000.0
JPM,NetIncomeLoss_TTM,2015-09-30,23939000000.0
JPM,NetIncomeLoss_TTM,2015-12-31,24442000000.0
JPM,NetIncomeLoss_TTM,2016-03-31,24048000000.0
JPM,NetIncomeLoss_TTM,2016-06-30,23958000000.0
JPM,NetIncomeLoss_TTM,2016-09-30,23440000000.0
JPM,NetIncomeLoss_TTM,2016-12-31,24733000000.0
JPM,NetIncomeLoss_TTM,2017-03-31,25661000000.0
JPM,NetIncomeLoss_TTM,2017-06-30,26490000000.0
JPM,NetIncomeLoss_TTM,2017-09-30,26936000000.0
JPM,NetIncomeLoss_TTM,2017-12-31,24441000000.0
JPM,NetIncomeLoss_TTM,2018-03-31,26705000000.0
JPM,NetIncomeLoss_TTM,2018-06-30,27992000000.0
JPM,NetIncomeLoss_TTM,2018-09-30,29640000000.0
JPM,NetIncomeLoss_TTM,2018-12-31,32474000000.0
JPM,NetIncomeLoss_TTM,2019-03-31,32941000000.0
JPM,NetIncomeLoss_TTM,2019-06-30,34277000000.0
JPM,NetIncomeLoss_TTM,2019-09-30,34977000000.0
JPM,NetIncomeLoss_TTM,2019-12-31,36431000000.0
JPM,NetIncomeLoss_TTM,2020-03-31,30117000000.0
JPM,NetIncomeLoss_TTM,2020-06-30,25152000000.0
JPM,NetIncomeLoss_TTM,2020-09-30,25515000000.0
JPM,NetIncomeLoss_TTM,2020-12-31,29131000000.0
JPM,NetIncomeLoss_TTM,2021-03-31,40566000000.0
JPM,NetIncomeLoss_TTM,2021-06-30,47827000000.0
JPM,NetIncomeLoss_TTM,2021-09-30,50071000000.0
JPM,NetIncomeLoss_TTM,2021-12-31,48300000000.0
JPM,NetIncomeLoss_TTM,2022-03-31,42282000000.0
JPM,NetIncomeLoss_TTM,2022-06-30,38983000000.0
JPM,NetIncomeLoss_TTM,2022-09-30,37033000000.0
JPM,NetIncomeLoss_TTM,2022-12-31,37700000000.0
JPM,NetIncomeLoss_TTM,2023-03-31,42040000000.0
JPM,NetIncomeLoss_TTM,2023-06-30,47863000000.0
JPM,NetIncomeLoss_TTM,2023-09-30,51277000000.0
JPM,NetIncomeLoss_TTM,2023-12-31,49600000000.0
JPM,NetIncomeLoss_TTM,2024-03-31,50397000000.0
JPM,NetIncomeLoss_TTM,2024-06-30,54074000000.0
JPM,NetIncomeLoss_TTM,2024-09-30,53821000000.0
JPM,NetIncomeLoss_TTM,2024-12-31,58500000000.0
JPM,NetIncomeLoss_TTM,2025-03-31,59724000000.0
JPM,NetIncomeLoss_TTM,2025-06-30,56562000000.0
JPM,NetIncomeLoss_TTM,2025-09-30,58057000000.0
JPM,NetIncomeLoss_TTM,2025-12-31,57000000000.0
JPM,NetIncomeLoss_TTM,2026-03-31,58851000000.0
JPM,OperatingCashFlow_TTM,2008-09-30,
JPM,OperatingCashFlow_TTM,2009-03-31,
JPM,OperatingCashFlow_TTM,2009-06-30,
JPM,OperatingCashFlow_TTM,2009-09-30,119316000000.0
JPM,OperatingCashFlow_TTM,2009-12-31,122797000000.0
JPM,OperatingCashFlow_TTM,2010-03-31,89435000000.0
JPM,OperatingCashFlow_TTM,2010-06-30,65265000000.0
JPM,OperatingCashFlow_TTM,2010-09-30,7050000000.0
JPM,OperatingCashFlow_TTM,2010-12-31,-3752000000.0
JPM,OperatingCashFlow_TTM,2011-03-31,-27125000000.0
JPM,OperatingCashFlow_TTM,2011-06-30,9246000000.0
JPM,OperatingCashFlow_TTM,2011-09-30,67629000000.0
JPM,OperatingCashFlow_TTM,2011-12-31,95932000000.0
JPM,OperatingCashFlow_TTM,2012-03-31,106177000000.0
JPM,OperatingCashFlow_TTM,2012-06-30,83456000000.0
JPM,OperatingCashFlow_TTM,2012-09-30,59004000000.0
JPM,OperatingCashFlow_TTM,2012-12-31,25079000000.0
JPM,OperatingCashFlow_TTM,2013-03-31,40777000000.0
JPM,OperatingCashFlow_TTM,2013-06-30,67314000000.0
JPM,OperatingCashFlow_TTM,2013-09-30,110356000000.0
JPM,OperatingCashFlow_TTM,2013-12-31,107953000000.0
JPM,OperatingCashFlow_TTM,2014-03-31,102656000000.0
JPM,OperatingCashFlow_TTM,2014-06-30,29765000000.0
JPM,OperatingCashFlow_TTM,2014-09-30,933000000.0
JPM,OperatingCashFlow_TTM,2014-12-31,36593000000.0
JPM,OperatingCashFlow_TTM,2015-03-31,36805000000.0
JPM,OperatingCashFlow_TTM,2015-06-30,58472000000.0
JPM,OperatingCashFlow_TTM,2015-09-30,86045000000.0
JPM,OperatingCashFlow_TTM,2015-12-31,73466000000.0
JPM,OperatingCashFlow_TTM,2016-03-31,37204000000.0
JPM,OperatingCashFlow_TTM,2016-06-30,18384000000.0
JPM,OperatingCashFlow_TTM,2016-09-30,-2548000000.0
JPM,OperatingCashFlow_TTM,2016-12-31,21884000000.0
JPM,OperatingCashFlow_TTM,2017-03-31,20708000000.0
JPM,OperatingCashFlow_TTM,2017-06-30,26305000000.0
JPM,OperatingCashFlow_TTM,2017-09-30,17218000000.0
JPM,OperatingCashFlow_TTM,2017-12-31,-10827000000.0
JPM,OperatingCashFlow_TTM,2018-03-31,-23377000000.0
JPM,OperatingCashFlow_TTM,2018-06-30,8235000000.0
JPM,OperatingCashFlow_TTM,2018-09-30,26319000000.0
JPM,OperatingCashFlow_TTM,2018-12-31,15614000000.0
JPM,OperatingCashFlow_TTM,2019-03-31,-30157000000.0
JPM,OperatingCashFlow_TTM,2019-06-30,-79696000000.0
JPM,OperatingCashFlow_TTM,2019-09-30,-76870000000.0
JPM,OperatingCashFlow_TTM,2019-12-31,4092000000.0
JPM,OperatingCashFlow_TTM,2020-03-31,-35117000000.0
JPM,OperatingCashFlow_TTM,2020-06-30,61656000000.0
JPM,OperatingCashFlow_TTM,2020-09-30,30953000000.0
JPM,OperatingCashFlow_TTM,2020-12-31,-79910000000.0
JPM,OperatingCashFlow_TTM,2021-03-31,-3693000000.0
JPM,OperatingCashFlow_TTM,2021-06-30,-73082000000.0
JPM,OperatingCashFlow_TTM,2021-09-30,-35063000000.0
JPM,OperatingCashFlow_TTM,2021-12-31,78084000000.0
JPM,OperatingCashFlow_TTM,2022-03-31,80039000000.0
JPM,OperatingCashFlow_TTM,2022-06-30,132527000000.0
JPM,OperatingCashFlow_TTM,2022-09-30,90992000000.0
JPM,OperatingCashFlow_TTM,2022-12-31,107119000000.0
JPM,OperatingCashFlow_TTM,2023-03-31,37795000000.0
JPM,OperatingCashFlow_TTM,2023-06-30,-9358000000.0
JPM,OperatingCashFlow_TTM,2023-09-30,53965000000.0
JPM,OperatingCashFlow_TTM,2023-12-31,12974000000.0
JPM,OperatingCashFlow_TTM,2024-03-31,-29943000000.0
JPM,OperatingCashFlow_TTM,2024-06-30,-10339000000.0
JPM,OperatingCashFlow_TTM,2024-09-30,-129539000000.0
JPM,OperatingCashFlow_TTM,2024-12-31,-42012000000.0
JPM,OperatingCashFlow_TTM,2025-03-31,-139693000000.0
JPM,OperatingCashFlow_TTM,2025-06-30,-148615000000.0
JPM,OperatingCashFlow_TTM,2025-09-30,-119748000000.0
JPM,OperatingCashFlow_TTM,2025-12-31,-147782000000.0
JPM,OperatingCashFlow_TTM,2026-03-31,-107704000000.0
JPM,DepreciationAndAmortization_TTM,2008-09-30,
JPM,DepreciationAndAmortization_TTM,2009-03-31,
JPM,DepreciationAndAmortization_TTM,2009-06-30,
JPM,DepreciationAndAmortization_TTM,2009-09-30,2762000000.0
JPM,DepreciationAndAmortization_TTM,2009-12-31,3308000000.0
JPM,DepreciationAndAmortization_TTM,2010-03-31,3858000000.0
JPM,DepreciationAndAmortization_TTM,2010-06-30,4033000000.0
JPM,DepreciationAndAmortization_TTM,2010-09-30,4345000000.0
JPM,DepreciationAndAmortization_TTM,2010-12-31,4029000000.0
JPM,DepreciationAndAmortization_TTM,2011-03-31,4125000000.0
JPM,DepreciationAndAmortization_TTM,2011-06-30,4218000000.0
JPM,DepreciationAndAmortization_TTM,2011-09-30,4216000000.0
JPM,DepreciationAndAmortization_TTM,2011-12-31,4257000000.0
JPM,DepreciationAndAmortization_TTM,2012-03-31,4239000000.0
JPM,DepreciationAndAmortization_TTM,2012-06-30,4199000000.0
JPM,DepreciationAndAmortization_TTM,2012-09-30,4258000000.0
JPM,DepreciationAndAmortization_TTM,2012-12-31,5147000000.0
JPM,DepreciationAndAmortization_TTM,2013-03-31,4930000000.0
JPM,DepreciationAndAmortization_TTM,2013-06-30,5187000000.0
JPM,DepreciationAndAmortization_TTM,2013-09-30,5586000000.0
JPM,DepreciationAndAmortization_TTM,2013-12-31,5306000000.0
JPM,DepreciationAndAmortization_TTM,2014-03-31,5692000000.0
JPM,DepreciationAndAmortization_TTM,2014-06-30,5627000000.0
JPM,DepreciationAndAmortization_TTM,2014-09-30,5263000000.0
JPM,DepreciationAndAmortization_TTM,2014-12-31,4759000000.0
JPM,DepreciationAndAmortization_TTM,2015-03-31,4732000000.0
JPM,DepreciationAndAmortization_TTM,2015-06-30,4752000000.0
JPM,DepreciationAndAmortization_TTM,2015-09-30,4853000000.0
JPM,DepreciationAndAmortization_TTM,2015-12-31,4940000000.0
JPM,DepreciationAndAmortization_TTM,2016-03-31,5048000000.0
JPM,DepreciationAndAmortization_TTM,2016-06-30,5146000000.0
JPM,DepreciationAndAmortization_TTM,2016-09-30,5305000000.0
JPM,DepreciationAndAmortization_TTM,2016-12-31,5478000000.0
JPM,DepreciationAndAmortization_TTM,2017-03-31,5653000000.0
JPM,DepreciationAndAmortization_TTM,2017-06-30,5821000000.0
JPM,DepreciationAndAmortization_TTM,2017-09-30,5993000000.0
JPM,DepreciationAndAmortization_TTM,2017-12-31,6179000000.0
JPM,DepreciationAndAmortization_TTM,2018-03-31,6512000000.0
JPM,DepreciationAndAmortization_TTM,2018-06-30,6935000000.0
JPM,DepreciationAndAmortization_TTM,2018-09-30,7348000000.0
JPM,DepreciationAndAmortization_TTM,2018-12-31,7791000000.0
JPM,DepreciationAndAmortization_TTM,2019-03-31,8032000000.0
JPM,DepreciationAndAmortization_TTM,2019-06-30,8151000000.0
JPM,DepreciationAndAmortization_TTM,2019-09-30,8304000000.0
JPM,DepreciationAndAmortization_TTM,2019-12-31,8368000000.0
JPM,DepreciationAndAmortization_TTM,2020-03-31,8527000000.0
JPM,DepreciationAndAmortization_TTM,2020-06-30,8630000000.0
JPM,DepreciationAndAmortization_TTM,2020-09-30,8626000000.0
JPM,DepreciationAndAmortization_TTM,2020-12-31,8614000000.0
JPM,DepreciationAndAmortization_TTM,2021-03-31,8487000000.0
JPM,DepreciationAndAmortization_TTM,2021-06-30,8341000000.0
JPM,DepreciationAndAmortization_TTM,2021-09-30,8128000000.0
JPM,DepreciationAndAmortization_TTM,2021-12-31,7932000000.0
JPM,DepreciationAndAmortization_TTM,2022-03-31,7682000000.0
JPM,DepreciationAndAmortization_TTM,2022-06-30,7468000000.0
JPM,DepreciationAndAmortization_TTM,2022-09-30,7311000000.0
JPM,DepreciationAndAmortization_TTM,2022-12-31,7051000000.0
JPM,DepreciationAndAmortization_TTM,2023-03-31,6880000000.0
JPM,DepreciationAndAmortization_TTM,2023-06-30,5598000000.0
JPM,DepreciationAndAmortization_TTM,2023-09-30,5846000000.0
JPM,DepreciationAndAmortization_TTM,2023-12-31,7512000000.0
JPM,DepreciationAndAmortization_TTM,2024-03-31,7867000000.0
JPM,DepreciationAndAmortization_TTM,2024-06-30,9362000000.0
JPM,DepreciationAndAmortization_TTM,2024-09-30,9310000000.0
JPM,DepreciationAndAmortization_TTM,2024-12-31,7938000000.0
JPM,DepreciationAndAmortization_TTM,2025-03-31,7964000000.0
JPM,DepreciationAndAmortization_TTM,2025-06-30,8172000000.0
JPM,DepreciationAndAmortization_TTM,2025-09-30,8474000000.0
JPM,DepreciationAndAmortization_TTM,2025-12-31,8821000000.0
JPM,DepreciationAndAmortization_TTM,2026-03-31,9155000000.0
JPM,DividendsPerShare_TTM,2008-06-30,
JPM,DividendsPerShare_TTM,2008-09-30,
JPM,DividendsPerShare_TTM,2009-03-31,
JPM,DividendsPerShare_TTM,2009-06-30,0.86
JPM,DividendsPerShare_TTM,2009-09-30,0.53
JPM,DividendsPerShare_TTM,2009-12-31,0.2
JPM,DividendsPerShare_TTM,2010-03-31,0.20000000000000004
JPM,DividendsPerShare_TTM,2010-06-30,0.2
JPM,DividendsPerShare_TTM,2010-09-30,0.2
JPM,DividendsPerShare_TTM,2010-12-31,0.2
JPM,DividendsPerShare_TTM,2011-03-31,0.4
JPM,DividendsPerShare_TTM,2011-06-30,0.6000000000000001
JPM,DividendsPerShare_TTM,2011-09-30,0.8
JPM,DividendsPerShare_TTM,2011-12-31,1.0
JPM,DividendsPerShare_TTM,2012-03-31,1.05
JPM,DividendsPerShare_TTM,2012-06-30,1.1
JPM,DividendsPerShare_TTM,2012-09-30,1.15
JPM,DividendsPerShare_TTM,2012-12-31,1.2
JPM,DividendsPerShare_TTM,2013-03-31,1.2
JPM,DividendsPerShare_TTM,2013-06-30,1.2799999999999998
JPM,DividendsPerShare_TTM,2013-09-30,1.3599999999999999
JPM,DividendsPerShare_TTM,2013-12-31,1.44
JPM,DividendsPerShare_TTM,2014-03-31,1.52
JPM,DividendsPerShare_TTM,2014-06-30,1.5399999999999998
JPM,DividendsPerShare_TTM,2014-09-30,1.56
JPM,DividendsPerShare_TTM,2014-12-31,1.5800000000000003
JPM,DividendsPerShare_TTM,2015-03-31,1.6
JPM,DividendsPerShare_TTM,2015-06-30,1.6400000000000001
JPM,DividendsPerShare_TTM,2015-09-30,1.6800000000000002
JPM,DividendsPerShare_TTM,2015-12-31,1.72
JPM,DividendsPerShare_TTM,2016-03-31,1.76
JPM,DividendsPerShare_TTM,2016-06-30,1.8
JPM,DividendsPerShare_TTM,2016-09-30,1.8399999999999999
JPM,DividendsPerShare_TTM,2016-12-31,1.88
JPM,DividendsPerShare_TTM,2017-03-31,1.94
JPM,DividendsPerShare_TTM,2017-06-30,1.96
JPM,DividendsPerShare_TTM,2017-09-30,2.04
JPM,DividendsPerShare_TTM,2017-12-31,2.12
JPM,DividendsPerShare_TTM,2018-03-31,2.18
JPM,DividendsPerShare_TTM,2018-06-30,2.8000000000000003
JPM,DividendsPerShare_TTM,2018-09-30,3.04
JPM,DividendsPerShare_TTM,2018-12-31,3.2800000000000002
JPM,DividendsPerShare_TTM,2019-03-31,3.5200000000000005
JPM,DividendsPerShare_TTM,2019-06-30,3.2
JPM,DividendsPerShare_TTM,2019-09-30,3.3000000000000007
JPM,DividendsPerShare_TTM,2019-12-31,3.4
JPM,DividendsPerShare_TTM,2020-03-31,3.5
JPM,DividendsPerShare_TTM,2020-06-30,3.6
JPM,DividendsPerShare_TTM,2020-09-30,3.5999999999999996
JPM,DividendsPerShare_TTM,2020-12-31,3.5999999999999996
JPM,DividendsPerShare_TTM,2021-03-31,3.6
JPM,DividendsPerShare_TTM,2021-06-30,3.6
JPM,DividendsPerShare_TTM,2021-09-30,3.7
JPM,DividendsPerShare_TTM,2021-12-31,3.8
JPM,DividendsPerShare_TTM,2022-03-31,3.9
JPM,DividendsPerShare_TTM,2022-06-30,4.0
JPM,DividendsPerShare_TTM,2022-09-30,4.0
JPM,DividendsPerShare_TTM,2022-12-31,4.0
JPM,DividendsPerShare_TTM,2023-03-31,4.0
JPM,DividendsPerShare_TTM,2023-06-30,4.0
JPM,DividendsPerShare_TTM,2023-09-30,4.05
JPM,DividendsPerShare_TTM,2023-12-31,4.1
JPM,DividendsPerShare_TTM,2024-03-31,4.25
JPM,DividendsPerShare_TTM,2024-06-30,4.3999999999999995
JPM,DividendsPerShare_TTM,2024-09-30,4.6
JPM,DividendsPerShare_TTM,2024-12-31,4.8
JPM,DividendsPerShare_TTM,2025-03-31,5.05
JPM,DividendsPerShare_TTM,2025-06-30,5.3
JPM,DividendsPerShare_TTM,2025-09-30,5.55
JPM,DividendsPerShare_TTM,2025-12-31,5.8
JPM,DividendsPerShare_TTM,2026-03-31,5.8999999999999995
JPM,NetInterestIncome_TTM,2008-06-30,
JPM,NetInterestIncome_TTM,2008-09-30,
JPM,NetInterestIncome_TTM,2009-03-31,
JPM,NetInterestIncome_TTM,2009-06-30,43325000000.0
JPM,NetInterestIncome_TTM,2009-09-30,47768000000.0
JPM,NetInterestIncome_TTM,2009-12-31,51152000000.0
JPM,NetInterestIncome_TTM,2010-03-31,51495000000.0
JPM,NetInterestIncome_TTM,2010-06-30,51512000000.0
JPM,NetInterestIncome_TTM,2010-09-30,51277000000.0
JPM,NetInterestIncome_TTM,2010-12-31,51001000000.0
JPM,NetInterestIncome_TTM,2011-03-31,49196000000.0
JPM,NetInterestIncome_TTM,2011-06-30,48345000000.0
JPM,NetInterestIncome_TTM,2011-09-30,47660000000.0
JPM,NetInterestIncome_TTM,2011-12-31,47689000000.0
JPM,NetInterestIncome_TTM,2012-03-31,47450000000.0
JPM,NetInterestIncome_TTM,2012-06-30,46760000000.0
JPM,NetInterestIncome_TTM,2012-09-30,45919000000.0
JPM,NetInterestIncome_TTM,2012-12-31,44910000000.0
JPM,NetInterestIncome_TTM,2013-03-31,44177000000.0
JPM,NetInterestIncome_TTM,2013-06-30,43735000000.0
JPM,NetInterestIncome_TTM,2013-09-30,43534000000.0
JPM,NetInterestIncome_TTM,2013-12-31,43319000000.0
JPM,NetInterestIncome_TTM,2014-03-31,43053000000.0
JPM,NetInterestIncome_TTM,2014-06-30,43147000000.0
JPM,NetInterestIncome_TTM,2014-09-30,43479000000.0
JPM,NetInterestIncome_TTM,2014-12-31,43634000000.0
JPM,NetInterestIncome_TTM,2015-03-31,43644000000.0
JPM,NetInterestIncome_TTM,2015-06-30,43530000000.0
JPM,NetInterestIncome_TTM,2015-09-30,43347000000.0
JPM,NetInterestIncome_TTM,2015-12-31,43510000000.0
JPM,NetInterestIncome_TTM,2016-03-31,44213000000.0
JPM,NetInterestIncome_TTM,2016-06-30,44876000000.0
JPM,NetInterestIncome_TTM,2016-09-30,45555000000.0
JPM,NetInterestIncome_TTM,2016-12-31,46083000000.0
JPM,NetInterestIncome_TTM,2017-03-31,46767000000.0
JPM,NetInterestIncome_TTM,2017-06-30,47628000000.0
JPM,NetInterestIncome_TTM,2017-09-30,48823000000.0
JPM,NetInterestIncome_TTM,2017-12-31,50097000000.0
JPM,NetInterestIncome_TTM,2018-03-31,51345000000.0
JPM,NetInterestIncome_TTM,2018-06-30,52622000000.0
JPM,NetInterestIncome_TTM,2018-09-30,53732000000.0
JPM,NetInterestIncome_TTM,2018-12-31,55059000000.0
JPM,NetInterestIncome_TTM,2019-03-31,56200000000.0
JPM,NetInterestIncome_TTM,2019-06-30,57113000000.0
JPM,NetInterestIncome_TTM,2019-09-30,57433000000.0
JPM,NetInterestIncome_TTM,2019-12-31,57245000000.0
JPM,NetInterestIncome_TTM,2020-03-31,57231000000.0
JPM,NetInterestIncome_TTM,2020-06-30,56686000000.0
JPM,NetInterestIncome_TTM,2020-09-30,55471000000.0
JPM,NetInterestIncome_TTM,2020-12-31,54563000000.0
JPM,NetInterestIncome_TTM,2021-03-31,53013000000.0
JPM,NetInterestIncome_TTM,2021-06-30,51901000000.0
JPM,NetInterestIncome_TTM,2021-09-30,51968000000.0
JPM,NetInterestIncome_TTM,2021-12-31,52311000000.0
JPM,NetInterestIncome_TTM,2022-03-31,53294000000.0
JPM,NetInterestIncome_TTM,2022-06-30,55681000000.0
JPM,NetInterestIncome_TTM,2022-09-30,60119000000.0
JPM,NetInterestIncome_TTM,2022-12-31,66710000000.0
JPM,NetInterestIncome_TTM,2023-03-31,73549000000.0
JPM,NetInterestIncome_TTM,2023-06-30,80200000000.0
JPM,NetInterestIncome_TTM,2023-09-30,85408000000.0
JPM,NetInterestIncome_TTM,2023-12-31,89267000000.0
JPM,NetInterestIncome_TTM,2024-03-31,91638000000.0
JPM,NetInterestIncome_TTM,2024-06-30,92605000000.0
JPM,NetInterestIncome_TTM,2024-09-30,93284000000.0
JPM,NetInterestIncome_TTM,2024-12-31,92583000000.0
JPM,NetInterestIncome_TTM,2025-03-31,92774000000.0
JPM,NetInterestIncome_TTM,2025-06-30,93237000000.0
JPM,NetInterestIncome_TTM,2025-09-30,93798000000.0
JPM,NetInterestIncome_TTM,2025-12-31,95443000000.0
JPM,NetInterestIncome_TTM,2026-03-31,97536000000.0
JPM,NoninterestExpense_TTM,2008-06-30,
JPM,NoninterestExpense_TTM,2008-09-30,
JPM,NoninterestExpense_TTM,2009-03-31,
JPM,NoninterestExpense_TTM,2009-06-30,50207000000.0
JPM,NoninterestExpense_TTM,2009-09-30,51485000000.0
JPM,NoninterestExpense_TTM,2009-12-31,52352000000.0
JPM,NoninterestExpense_TTM,2010-03-31,55103000000.0
JPM,NoninterestExpense_TTM,2010-06-30,56214000000.0
JPM,NoninterestExpense_TTM,2010-09-30,57157000000.0
JPM,NoninterestExpense_TTM,2010-12-31,61196000000.0
JPM,NoninterestExpense_TTM,2011-03-31,61067000000.0
JPM,NoninterestExpense_TTM,2011-06-30,63278000000.0
JPM,NoninterestExpense_TTM,2011-09-30,64414000000.0
JPM,NoninterestExpense_TTM,2011-12-31,62911000000.0
JPM,NoninterestExpense_TTM,2012-03-31,65261000000.0
JPM,NoninterestExpense_TTM,2012-06-30,63385000000.0
JPM,NoninterestExpense_TTM,2012-09-30,63222000000.0
JPM,NoninterestExpense_TTM,2012-12-31,64729000000.0
JPM,NoninterestExpense_TTM,2013-03-31,61807000000.0
JPM,NoninterestExpense_TTM,2013-06-30,62707000000.0
JPM,NoninterestExpense_TTM,2013-09-30,70962000000.0
JPM,NoninterestExpense_TTM,2013-12-31,70467000000.0
JPM,NoninterestExpense_TTM,2014-03-31,69680000000.0
JPM,NoninterestExpense_TTM,2014-06-30,69245000000.0
JPM,NoninterestExpense_TTM,2014-09-30,61417000000.0
JPM,NoninterestExpense_TTM,2014-12-31,61274000000.0
JPM,NoninterestExpense_TTM,2015-03-31,61521000000.0
JPM,NoninterestExpense_TTM,2015-06-30,60590000000.0
JPM,NoninterestExpense_TTM,2015-09-30,60160000000.0
JPM,NoninterestExpense_TTM,2015-12-31,59014000000.0
JPM,NoninterestExpense_TTM,2016-03-31,57968000000.0
JPM,NoninterestExpense_TTM,2016-06-30,57106000000.0
JPM,NoninterestExpense_TTM,2016-09-30,56201000000.0
JPM,NoninterestExpense_TTM,2016-12-31,56672000000.0
JPM,NoninterestExpense_TTM,2017-03-31,58118000000.0
JPM,NoninterestExpense_TTM,2017-06-30,59247000000.0
JPM,NoninterestExpense_TTM,2017-09-30,59354000000.0
JPM,NoninterestExpense_TTM,2017-12-31,59515000000.0
JPM,NoninterestExpense_TTM,2018-03-31,60312000000.0
JPM,NoninterestExpense_TTM,2018-06-30,61516000000.0
JPM,NoninterestExpense_TTM,2018-09-30,62569000000.0
JPM,NoninterestExpense_TTM,2018-12-31,63148000000.0
JPM,NoninterestExpense_TTM,2019-03-31,63463000000.0
JPM,NoninterestExpense_TTM,2019-06-30,63748000000.0
JPM,NoninterestExpense_TTM,2019-09-30,64497000000.0
JPM,NoninterestExpense_TTM,2019-12-31,65316000000.0
JPM,NoninterestExpense_TTM,2020-03-31,65712000000.0
JPM,NoninterestExpense_TTM,2020-06-30,66398000000.0
JPM,NoninterestExpense_TTM,2020-09-30,66901000000.0
JPM,NoninterestExpense_TTM,2020-12-31,66656000000.0
JPM,NoninterestExpense_TTM,2021-03-31,68590000000.0
JPM,NoninterestExpense_TTM,2021-06-30,69315000000.0
JPM,NoninterestExpense_TTM,2021-09-30,69503000000.0
JPM,NoninterestExpense_TTM,2021-12-31,71343000000.0
JPM,NoninterestExpense_TTM,2022-03-31,71809000000.0
JPM,NoninterestExpense_TTM,2022-06-30,72891000000.0
JPM,NoninterestExpense_TTM,2022-09-30,75006000000.0
JPM,NoninterestExpense_TTM,2022-12-31,76140000000.0
JPM,NoninterestExpense_TTM,2023-03-31,77056000000.0
JPM,NoninterestExpense_TTM,2023-06-30,79129000000.0
JPM,NoninterestExpense_TTM,2023-09-30,81708000000.0
JPM,NoninterestExpense_TTM,2023-12-31,87172000000.0
JPM,NoninterestExpense_TTM,2024-03-31,89822000000.0
JPM,NoninterestExpense_TTM,2024-06-30,92713000000.0
JPM,NoninterestExpense_TTM,2024-09-30,93521000000.0
JPM,NoninterestExpense_TTM,2024-12-31,91797000000.0
JPM,NoninterestExpense_TTM,2025-03-31,92637000000.0
JPM,NoninterestExpense_TTM,2025-06-30,92703000000.0
JPM,NoninterestExpense_TTM,2025-09-30,94419000000.0
JPM,NoninterestExpense_TTM,2025-12-31,95640000000.0
JPM,NoninterestExpense_TTM,2026-03-31,98893000000.0
JPM,ProvisionForCreditLosses_TTM,2008-06-30,
JPM,ProvisionForCreditLosses_TTM,2008-09-30,
JPM,ProvisionForCreditLosses_TTM,2009-03-31,
JPM,ProvisionForCreditLosses_TTM,2009-06-30,25869000000.0
JPM,ProvisionForCreditLosses_TTM,2009-09-30,30518000000.0
JPM,ProvisionForCreditLosses_TTM,2009-12-31,32015000000.0
JPM,ProvisionForCreditLosses_TTM,2010-03-31,30429000000.0
JPM,ProvisionForCreditLosses_TTM,2010-06-30,25761000000.0
JPM,ProvisionForCreditLosses_TTM,2010-09-30,20880000000.0
JPM,ProvisionForCreditLosses_TTM,2010-12-31,16639000000.0
JPM,ProvisionForCreditLosses_TTM,2011-03-31,10798000000.0
JPM,ProvisionForCreditLosses_TTM,2011-06-30,9245000000.0
JPM,ProvisionForCreditLosses_TTM,2011-09-30,8433000000.0
JPM,ProvisionForCreditLosses_TTM,2011-12-31,7574000000.0
JPM,ProvisionForCreditLosses_TTM,2012-03-31,7131000000.0
JPM,ProvisionForCreditLosses_TTM,2012-06-30,5535000000.0
JPM,ProvisionForCreditLosses_TTM,2012-09-30,4913000000.0
JPM,ProvisionForCreditLosses_TTM,2012-12-31,3385000000.0
JPM,ProvisionForCreditLosses_TTM,2013-03-31,3276000000.0
JPM,ProvisionForCreditLosses_TTM,2013-06-30,3109000000.0
JPM,ProvisionForCreditLosses_TTM,2013-09-30,777000000.0
JPM,ProvisionForCreditLosses_TTM,2013-12-31,225000000.0
JPM,ProvisionForCreditLosses_TTM,2014-03-31,458000000.0
JPM,ProvisionForCreditLosses_TTM,2014-06-30,1103000000.0
JPM,ProvisionForCreditLosses_TTM,2014-09-30,2403000000.0
JPM,ProvisionForCreditLosses_TTM,2014-12-31,3139000000.0
JPM,ProvisionForCreditLosses_TTM,2015-03-31,3248000000.0
JPM,ProvisionForCreditLosses_TTM,2015-06-30,3491000000.0
JPM,ProvisionForCreditLosses_TTM,2015-09-30,3416000000.0
JPM,ProvisionForCreditLosses_TTM,2015-12-31,3827000000.0
JPM,ProvisionForCreditLosses_TTM,2016-03-31,4692000000.0
JPM,ProvisionForCreditLosses_TTM,2016-06-30,5159000000.0
JPM,ProvisionForCreditLosses_TTM,2016-09-30,5748000000.0
JPM,ProvisionForCreditLosses_TTM,2016-12-31,5361000000.0
JPM,ProvisionForCreditLosses_TTM,2017-03-31,4852000000.0
JPM,ProvisionForCreditLosses_TTM,2017-06-30,4665000000.0
JPM,ProvisionForCreditLosses_TTM,2017-09-30,4846000000.0
JPM,ProvisionForCreditLosses_TTM,2017-12-31,5290000000.0
JPM,ProvisionForCreditLosses_TTM,2018-03-31,5140000000.0
JPM,ProvisionForCreditLosses_TTM,2018-06-30,5135000000.0
JPM,ProvisionForCreditLosses_TTM,2018-09-30,4631000000.0
JPM,ProvisionForCreditLosses_TTM,2018-12-31,4871000000.0
JPM,ProvisionForCreditLosses_TTM,2019-03-31,5201000000.0
JPM,ProvisionForCreditLosses_TTM,2019-06-30,5140000000.0
JPM,ProvisionForCreditLosses_TTM,2019-09-30,5706000000.0
JPM,ProvisionForCreditLosses_TTM,2019-12-31,5585000000.0
JPM,ProvisionForCreditLosses_TTM,2020-03-31,12375000000.0
JPM,ProvisionForCreditLosses_TTM,2020-06-30,21699000000.0
JPM,ProvisionForCreditLosses_TTM,2020-09-30,20796000000.0
JPM,ProvisionForCreditLosses_TTM,2020-12-31,17480000000.0
JPM,ProvisionForCreditLosses_TTM,2021-03-31,5039000000.0
JPM,ProvisionForCreditLosses_TTM,2021-06-30,-7719000000.0
JPM,ProvisionForCreditLosses_TTM,2021-09-30,-9857000000.0
JPM,ProvisionForCreditLosses_TTM,2021-12-31,-9256000000.0
JPM,ProvisionForCreditLosses_TTM,2022-03-31,-3637000000.0
JPM,ProvisionForCreditLosses_TTM,2022-06-30,-251000000.0
JPM,ProvisionForCreditLosses_TTM,2022-09-30,2813000000.0
JPM,ProvisionForCreditLosses_TTM,2022-12-31,6389000000.0
JPM,ProvisionForCreditLosses_TTM,2023-03-31,7201000000.0
JPM,ProvisionForCreditLosses_TTM,2023-06-30,8999000000.0
JPM,ProvisionForCreditLosses_TTM,2023-09-30,8846000000.0
JPM,ProvisionForCreditLosses_TTM,2023-12-31,9320000000.0
JPM,ProvisionForCreditLosses_TTM,2024-03-31,8929000000.0
JPM,ProvisionForCreditLosses_TTM,2024-06-30,9082000000.0
JPM,ProvisionForCreditLosses_TTM,2024-09-30,10809000000.0
JPM,ProvisionForCreditLosses_TTM,2024-12-31,10678000000.0
JPM,ProvisionForCreditLosses_TTM,2025-03-31,12099000000.0
JPM,ProvisionForCreditLosses_TTM,2025-06-30,11896000000.0
JPM,ProvisionForCreditLosses_TTM,2025-09-30,12188000000.0
JPM,ProvisionForCreditLosses_TTM,2025-12-31,14212000000.0
JPM,ProvisionForCreditLosses_TTM,2026-03-31,13414000000.0
JPM,NoninterestIncome_TTM,2008-06-30,
JPM,NoninterestIncome_TTM,2008-09-30,
JPM,NoninterestIncome_TTM,2009-03-31,
JPM,NoninterestIncome_TTM,2009-06-30,40459000000.0
JPM,NoninterestIncome_TTM,2009-09-30,44239000000.0
JPM,NoninterestIncome_TTM,2009-12-31,49282000000.0
JPM,NoninterestIncome_TTM,2010-03-31,51585000000.0
JPM,NoninterestIncome_TTM,2010-06-30,51046000000.0
JPM,NoninterestIncome_TTM,2010-09-30,48483000000.0
JPM,NoninterestIncome_TTM,2010-12-31,51693000000.0
JPM,NoninterestIncome_TTM,2011-03-31,51048000000.0
JPM,NoninterestIncome_TTM,2011-06-30,53577000000.0
JPM,NoninterestIncome_TTM,2011-09-30,54201000000.0
JPM,NoninterestIncome_TTM,2011-12-31,49545000000.0
JPM,NoninterestIncome_TTM,2012-03-31,50615000000.0
JPM,NoninterestIncome_TTM,2012-06-30,46706000000.0
JPM,NoninterestIncome_TTM,2012-09-30,48930000000.0
JPM,NoninterestIncome_TTM,2012-12-31,52121000000.0
JPM,NoninterestIncome_TTM,2013-03-31,51924000000.0
JPM,NoninterestIncome_TTM,2013-06-30,55397000000.0
JPM,NoninterestIncome_TTM,2013-09-30,53569000000.0
JPM,NoninterestIncome_TTM,2013-12-31,54048000000.0
JPM,NoninterestIncome_TTM,2014-03-31,52407000000.0
JPM,NoninterestIncome_TTM,2014-06-30,51780000000.0
JPM,NoninterestIncome_TTM,2014-09-30,52800000000.0
JPM,NoninterestIncome_TTM,2014-12-31,51478000000.0
JPM,NoninterestIncome_TTM,2015-03-31,52319000000.0
JPM,NoninterestIncome_TTM,2015-06-30,51567000000.0
JPM,NoninterestIncome_TTM,2015-09-30,50061000000.0
JPM,NoninterestIncome_TTM,2015-12-31,50033000000.0
JPM,NoninterestIncome_TTM,2016-03-31,48503000000.0
JPM,NoninterestIncome_TTM,2016-06-30,48408000000.0
JPM,NoninterestIncome_TTM,2016-09-30,49622000000.0
JPM,NoninterestIncome_TTM,2016-12-31,50486000000.0
JPM,NoninterestIncome_TTM,2017-03-31,51502000000.0
JPM,NoninterestIncome_TTM,2017-06-30,51992000000.0
JPM,NoninterestIncome_TTM,2017-09-30,51702000000.0
JPM,NoninterestIncome_TTM,2017-12-31,50608000000.0
JPM,NoninterestIncome_TTM,2018-03-31,52328000000.0
JPM,NoninterestIncome_TTM,2018-06-30,53073000000.0
JPM,NoninterestIncome_TTM,2018-09-30,53645000000.0
JPM,NoninterestIncome_TTM,2018-12-31,53724000000.0
JPM,NoninterestIncome_TTM,2019-03-31,53799000000.0
JPM,NoninterestIncome_TTM,2019-06-30,53880000000.0
JPM,NoninterestIncome_TTM,2019-09-30,55591000000.0
JPM,NoninterestIncome_TTM,2019-12-31,58522000000.0
JPM,NoninterestIncome_TTM,2020-03-31,57699000000.0
JPM,NoninterestIncome_TTM,2020-06-30,62572000000.0
JPM,NoninterestIncome_TTM,2020-09-30,63751000000.0
JPM,NoninterestIncome_TTM,2020-12-31,65388000000.0
JPM,NoninterestIncome_TTM,2021-03-31,70918000000.0
JPM,NoninterestIncome_TTM,2021-06-30,69434000000.0
JPM,NoninterestIncome_TTM,2021-09-30,69759000000.0
JPM,NoninterestIncome_TTM,2021-12-31,69338000000.0
JPM,NoninterestIncome_TTM,2022-03-31,66806000000.0
JPM,NoninterestIncome_TTM,2022-06-30,64655000000.0
JPM,NoninterestIncome_TTM,2022-09-30,63286000000.0
JPM,NoninterestIncome_TTM,2022-12-31,61985000000.0
JPM,NoninterestIncome_TTM,2023-03-31,62778000000.0
JPM,NoninterestIncome_TTM,2023-06-30,66719000000.0
JPM,NoninterestIncome_TTM,2023-09-30,68669000000.0
JPM,NoninterestIncome_TTM,2023-12-31,68837000000.0
JPM,NoninterestIncome_TTM,2024-03-31,70051000000.0
JPM,NoninterestIncome_TTM,2024-06-30,77977000000.0
JPM,NoninterestIncome_TTM,2024-09-30,80078000000.0
JPM,NoninterestIncome_TTM,2024-12-31,84973000000.0
JPM,NoninterestIncome_TTM,2025-03-31,88158000000.0
JPM,NoninterestIncome_TTM,2025-06-30,82407000000.0
JPM,NoninterestIncome_TTM,2025-09-30,85619000000.0
JPM,NoninterestIncome_TTM,2025-12-31,87004000000.0
JPM,NoninterestIncome_TTM,2026-03-31,89437000000.0
JPM,EPS_TTM_CALC,2008-06-30,
JPM,EPS_TTM_CALC,2008-09-30,
JPM,EPS_TTM_CALC,2009-03-31,
JPM,EPS_TTM_CALC,2009-06-30,1.9330038440417354
JPM,EPS_TTM_CALC,2009-09-30,4.531549722362443
JPM,EPS_TTM_CALC,2009-12-31,6.045828285692193
JPM,EPS_TTM_CALC,2010-03-31,6.46506621273187
JPM,EPS_TTM_CALC,2010-06-30,7.483023766726583
JPM,EPS_TTM_CALC,2010-09-30,7.964450263098265
JPM,EPS_TTM_CALC,2010-12-31,8.735447207624029
JPM,EPS_TTM_CALC,2011-03-31,9.765078099698563
JPM,EPS_TTM_CALC,2011-06-30,10.160172725446877
JPM,EPS_TTM_CALC,2011-09-30,10.370848613191468
JPM,EPS_TTM_CALC,2011-12-31,9.680891768487106
JPM,EPS_TTM_CALC,2012-03-31,4.7855689466270155
JPM,EPS_TTM_CALC,2012-06-30,4.678445229681979
JPM,EPS_TTM_CALC,2012-09-30,5.06568079918194
JPM,EPS_TTM_CALC,2012-12-31,5.568520747213647
JPM,EPS_TTM_CALC,2013-03-31,11.899662074343645
JPM,EPS_TTM_CALC,2013-06-30,6.40353406916079
JPM,EPS_TTM_CALC,2013-09-30,4.867799309795593
JPM,EPS_TTM_CALC,2013-12-31,4.688458413064563
JPM,EPS_TTM_CALC,2014-03-31,4.34825818600272
JPM,EPS_TTM_CALC,2014-06-30,4.2255737704918035
JPM,EPS_TTM_CALC,2014-09-30,5.821257951276164
JPM,EPS_TTM_CALC,2014-12-31,5.7261356155365375
JPM,EPS_TTM_CALC,2015-03-31,5.958749168330007
JPM,EPS_TTM_CALC,2015-06-30,6.063682017309541
JPM,EPS_TTM_CALC,2015-09-30,6.425542194545845
JPM,EPS_TTM_CALC,2015-12-31,6.477104091583634
JPM,EPS_TTM_CALC,2016-03-31,6.4340753424657535
JPM,EPS_TTM_CALC,2016-06-30,6.464303059737737
JPM,EPS_TTM_CALC,2016-09-30,6.3872690609842495
JPM,EPS_TTM_CALC,2016-12-31,6.702710027100271
JPM,EPS_TTM_CALC,2017-03-31,7.068367122080211
JPM,EPS_TTM_CALC,2017-06-30,7.360377882745207
JPM,EPS_TTM_CALC,2017-09-30,7.567142375547815
JPM,EPS_TTM_CALC,2017-12-31,6.833202862894207
JPM,EPS_TTM_CALC,2018-03-31,7.674953297887628
JPM,EPS_TTM_CALC,2018-06-30,8.14976562727458
JPM,EPS_TTM_CALC,2018-09-30,8.732286480275757
JPM,EPS_TTM_CALC,2018-12-31,9.512009373169303
JPM,EPS_TTM_CALC,2019-03-31,9.9573786349072
JPM,EPS_TTM_CALC,2019-06-30,10.51538485136669
JPM,EPS_TTM_CALC,2019-09-30,10.905774507358444
JPM,EPS_TTM_CALC,2019-12-31,11.277550767706785
JPM,EPS_TTM_CALC,2020-03-31,9.712968039474957
JPM,EPS_TTM_CALC,2020-06-30,8.163583252190847
JPM,EPS_TTM_CALC,2020-09-30,8.276566757493187
JPM,EPS_TTM_CALC,2020-12-31,9.435447301936906
JPM,EPS_TTM_CALC,2021-03-31,13.175484751047453
JPM,EPS_TTM_CALC,2021-06-30,15.722739077550216
JPM,EPS_TTM_CALC,2021-09-30,16.662007919869556
JPM,EPS_TTM_CALC,2021-12-31,15.958501288574638
JPM,EPS_TTM_CALC,2022-03-31,14.183830929218383
JPM,EPS_TTM_CALC,2022-06-30,13.141961366011529
JPM,EPS_TTM_CALC,2022-09-30,12.48836581911378
JPM,EPS_TTM_CALC,2022-12-31,12.693602693602694
JPM,EPS_TTM_CALC,2023-03-31,14.142025767820499
JPM,EPS_TTM_CALC,2023-06-30,16.234101007360174
JPM,EPS_TTM_CALC,2023-09-30,17.48814842604277
JPM,EPS_TTM_CALC,2023-12-31,16.852978152288404
JPM,EPS_TTM_CALC,2024-03-31,17.30190881625927
JPM,EPS_TTM_CALC,2024-06-30,18.679056271373796
JPM,EPS_TTM_CALC,2024-09-30,18.779789943822184
JPM,EPS_TTM_CALC,2024-12-31,20.319555401180967
JPM,EPS_TTM_CALC,2025-03-31,21.1464787735014
JPM,EPS_TTM_CALC,2025-06-30,20.246268389590867
JPM,EPS_TTM_CALC,2025-09-30,20.977381124439948
JPM,EPS_TTM_CALC,2025-12-31,20.49253999640482
JPM,EPS_TTM_CALC,2026-03-31,21.634806264245277
JPM,TangibleEquity,2008-12-31,118857000000.0
JPM,TangibleEquity,2009-06-30,106478000000.0
JPM,TangibleEquity,2009-09-30,113919000000.0
JPM,TangibleEquity,2009-12-31,112488000000.0
JPM,TangibleEquity,2010-03-31,116362000000.0
JPM,TangibleEquity,2010-06-30,122800000000.0
JPM,TangibleEquity,2010-09-30,125094000000.0
JPM,TangibleEquity,2010-12-31,127252000000.0
JPM,TangibleEquity,2011-03-31,131742000000.0
JPM,TangibleEquity,2011-06-30,133997000000.0
JPM,TangibleEquity,2011-09-30,134107000000.0
JPM,TangibleEquity,2011-12-31,135385000000.0
JPM,TangibleEquity,2012-03-31,141061000000.0
JPM,TangibleEquity,2012-06-30,143441000000.0
JPM,TangibleEquity,2012-09-30,151515000000.0
JPM,TangibleEquity,2012-12-31,155894000000.0
JPM,TangibleEquity,2013-03-31,159019000000.0
JPM,TangibleEquity,2013-06-30,161182000000.0
JPM,TangibleEquity,2013-09-30,158570000000.0
JPM,TangibleEquity,2013-12-31,163097000000.0
JPM,TangibleEquity,2014-03-31,171590000000.0
JPM,TangibleEquity,2014-06-30,179204000000.0
JPM,TangibleEquity,2014-09-30,183307000000.0
JPM,TangibleEquity,2014-12-31,184080000000.0
JPM,TangibleEquity,2015-03-31,188411000000.0
JPM,TangibleEquity,2015-06-30,193729000000.0
JPM,TangibleEquity,2015-09-30,198323000000.0
JPM,TangibleEquity,2015-12-31,200248000000.0
JPM,TangibleEquity,2016-03-31,202847000000.0
JPM,TangibleEquity,2016-06-30,205120000000.0
JPM,TangibleEquity,2016-09-30,207029000000.0
JPM,TangibleEquity,2016-12-31,206902000000.0
JPM,TangibleEquity,2017-03-31,208571000000.0
JPM,TangibleEquity,2017-06-30,211183000000.0
JPM,TangibleEquity,2017-09-30,211073000000.0
JPM,TangibleEquity,2017-12-31,208186000000.0
JPM,TangibleEquity,2018-03-31,208702000000.0
JPM,TangibleEquity,2018-06-30,209970000000.0
JPM,TangibleEquity,2018-09-30,211473000000.0
JPM,TangibleEquity,2018-12-31,209044000000.0
JPM,TangibleEquity,2019-03-31,212363000000.0
JPM,TangibleEquity,2019-06-30,215738000000.0
JPM,TangibleEquity,2019-09-30,216530000000.0
JPM,TangibleEquity,2019-12-31,213507000000.0
JPM,TangibleEquity,2020-03-31,213462000000.0
JPM,TangibleEquity,2020-06-30,216655000000.0
JPM,TangibleEquity,2020-09-30,223294000000.0
JPM,TangibleEquity,2020-12-31,230106000000.0
JPM,TangibleEquity,2021-03-31,231471000000.0
JPM,TangibleEquity,2021-06-30,237130000000.0
JPM,TangibleEquity,2021-09-30,239728000000.0
JPM,TangibleEquity,2021-12-31,243812000000.0
JPM,TangibleEquity,2022-03-31,235601000000.0
JPM,TangibleEquity,2022-06-30,235446000000.0
JPM,TangibleEquity,2022-09-30,236557000000.0
JPM,TangibleEquity,2022-12-31,240670000000.0
JPM,TangibleEquity,2023-03-31,250938000000.0
JPM,TangibleEquity,2023-06-30,260136000000.0
JPM,TangibleEquity,2023-09-30,264879000000.0
JPM,TangibleEquity,2023-12-31,275244000000.0
JPM,TangibleEquity,2024-03-31,284001000000.0
JPM,TangibleEquity,2024-06-30,287932000000.0
JPM,TangibleEquity,2024-09-30,293125000000.0
JPM,TangibleEquity,2024-12-31,292193000000.0
JPM,TangibleEquity,2025-03-31,298799000000.0
JPM,TangibleEquity,2025-06-30,304177000000.0
JPM,TangibleEquity,2025-09-30,307495000000.0
JPM,TangibleEquity,2025-12-31,309707000000.0
JPM,TangibleEquity,2026-03-31,311332000000.0
JPM,PPNR,2008-06-30,
JPM,PPNR,2008-09-30,
JPM,PPNR,2009-03-31,
JPM,PPNR,2009-06-30,33577000000.0
JPM,PPNR,2009-09-30,40522000000.0
JPM,PPNR,2009-12-31,48082000000.0
JPM,PPNR,2010-03-31,47977000000.0
JPM,PPNR,2010-06-30,46344000000.0
JPM,PPNR,2010-09-30,42603000000.0
JPM,PPNR,2010-12-31,41498000000.0
JPM,PPNR,2011-03-31,39177000000.0
JPM,PPNR,2011-06-30,38644000000.0
JPM,PPNR,2011-09-30,37447000000.0
JPM,PPNR,2011-12-31,34323000000.0
JPM,PPNR,2012-03-31,32804000000.0
JPM,PPNR,2012-06-30,30081000000.0
JPM,PPNR,2012-09-30,31627000000.0
JPM,PPNR,2012-12-31,32302000000.0
JPM,PPNR,2013-03-31,34294000000.0
JPM,PPNR,2013-06-30,36425000000.0
JPM,PPNR,2013-09-30,26141000000.0
JPM,PPNR,2013-12-31,26900000000.0
JPM,PPNR,2014-03-31,25780000000.0
JPM,PPNR,2014-06-30,25682000000.0
JPM,PPNR,2014-09-30,34862000000.0
JPM,PPNR,2014-12-31,33838000000.0
JPM,PPNR,2015-03-31,34442000000.0
JPM,PPNR,2015-06-30,34507000000.0
JPM,PPNR,2015-09-30,33248000000.0
JPM,PPNR,2015-12-31,34529000000.0
JPM,PPNR,2016-03-31,34748000000.0
JPM,PPNR,2016-06-30,36178000000.0
JPM,PPNR,2016-09-30,38976000000.0
JPM,PPNR,2016-12-31,39897000000.0
JPM,PPNR,2017-03-31,40151000000.0
JPM,PPNR,2017-06-30,40373000000.0
JPM,PPNR,2017-09-30,41171000000.0
JPM,PPNR,2017-12-31,41190000000.0
JPM,PPNR,2018-03-31,43361000000.0
JPM,PPNR,2018-06-30,44179000000.0
JPM,PPNR,2018-09-30,44808000000.0
JPM,PPNR,2018-12-31,45635000000.0
JPM,PPNR,2019-03-31,46536000000.0
JPM,PPNR,2019-06-30,47245000000.0
JPM,PPNR,2019-09-30,48527000000.0
JPM,PPNR,2019-12-31,50451000000.0
JPM,PPNR,2020-03-31,49218000000.0
JPM,PPNR,2020-06-30,52860000000.0
JPM,PPNR,2020-09-30,52321000000.0
JPM,PPNR,2020-12-31,53295000000.0
JPM,PPNR,2021-03-31,55341000000.0
JPM,PPNR,2021-06-30,52020000000.0
JPM,PPNR,2021-09-30,52224000000.0
JPM,PPNR,2021-12-31,50306000000.0
JPM,PPNR,2022-03-31,48291000000.0
JPM,PPNR,2022-06-30,47445000000.0
JPM,PPNR,2022-09-30,48399000000.0
JPM,PPNR,2022-12-31,52555000000.0
JPM,PPNR,2023-03-31,59271000000.0
JPM,PPNR,2023-06-30,67790000000.0
JPM,PPNR,2023-09-30,72369000000.0
JPM,PPNR,2023-12-31,70932000000.0
JPM,PPNR,2024-03-31,71867000000.0
JPM,PPNR,2024-06-30,77869000000.0
JPM,PPNR,2024-09-30,79841000000.0
JPM,PPNR,2024-12-31,85759000000.0
JPM,PPNR,2025-03-31,88295000000.0
JPM,PPNR,2025-06-30,82941000000.0
JPM,PPNR,2025-09-30,84998000000.0
JPM,PPNR,2025-12-31,86807000000.0
JPM,PPNR,2026-03-31,88080000000.0
